
INSERT INTO userx (ENABLED, FIRST_NAME, LAST_NAME, PASSWORD, USERNAME, CREATE_DATE) VALUES(TRUE, 'Admin', 'Istrator', '$2a$10$Bm27OvKm5FENObph7xPfnO2L1mbKyjpG3LdeixGrJV0xC7TgcFGX2', 'admin', '2016-01-01');
INSERT INTO userx (ENABLED, FIRST_NAME, LAST_NAME, PASSWORD, USERNAME, CREATE_DATE) VALUES(TRUE, 'Susi', 'Gründaumen', '$2a$10$Bm27OvKm5FENObph7xPfnO2L1mbKyjpG3LdeixGrJV0xC7TgcFGX2', 'Susi', '2016-01-01');
INSERT INTO userx (ENABLED, FIRST_NAME, LAST_NAME, PASSWORD, USERNAME, CREATE_DATE) VALUES(TRUE, 'Max', 'Bennau', '$2a$10$Bm27OvKm5FENObph7xPfnO2L1mbKyjpG3LdeixGrJV0xC7TgcFGX2', 'Max', '2016-01-01');


INSERT INTO userx_user_role (USERX_USERNAME, ROLES) VALUES ('Max', 'USER');
INSERT INTO userx_user_role (USERX_USERNAME, ROLES) VALUES ('admin', 'ADMIN');
INSERT INTO userx_user_role (USERX_USERNAME, ROLES) VALUES ('admin', 'GARDENER');
INSERT INTO userx_user_role (USERX_USERNAME, ROLES) VALUES ('admin', 'USER');
INSERT INTO userx_user_role (USERX_USERNAME, ROLES) VALUES ('Susi', 'USER');
INSERT INTO userx_user_role (USERX_USERNAME, ROLES) VALUES ('Susi', 'GARDENER');

INSERT INTO access_point(ACCESS_POINTID, LOCATION, VALIDATED, CREATE_DATE, UPDATE_DATE) VALUES(-50, 'Room1', TRUE, '2023-01-01', '2022-01-01');
INSERT INTO access_point(ACCESS_POINTID, LOCATION, VALIDATED, CREATE_DATE, UPDATE_DATE) VALUES(-51, 'Room2', TRUE, '2023-01-01', '2022-01-01');

INSERT INTO plant(PLANTID, PLANT_NAME, planted_date) VALUES(-51, 'Lunaris Blossom','2022-01-01');
INSERT INTO plant(PLANTID, PLANT_NAME, planted_date) VALUES(-52, 'Verdant Flameleaf','2022-01-02');
INSERT INTO plant(PLANTID, PLANT_NAME, planted_date) VALUES(-53, 'Crystalvine Serpentia', '2022-01-03');
INSERT INTO plant(PLANTID, PLANT_NAME, planted_date) VALUES(-54, 'Aurora Orchid', '2022-01-04');
INSERT INTO plant(PLANTID, PLANT_NAME, planted_date) VALUES(-55, 'Celestial Saffronbloom', '2022-01-05');

INSERT INTO sensor_station(SENSOR_STATION_NAME, CREATE_DATE, UPDATE_DATE, LOCATION ,alarm_switch, plant_plantid, alarm_count_threshold) VALUES('G4T2','2022-01-01','2022-01-05','Room1', 'off',-51, 1);
INSERT INTO sensor_station(SENSOR_STATION_NAME, CREATE_DATE, UPDATE_DATE, LOCATION,alarm_switch, plant_plantid, alarm_count_threshold) VALUES('G4T1','2022-01-01','2022-02-05','Room2', 'off',-52, 1);
INSERT INTO sensor_station(SENSOR_STATION_NAME, CREATE_DATE, UPDATE_DATE, LOCATION ,alarm_switch, plant_plantid, alarm_count_threshold) VALUES('G4T3','2022-01-01','2022-02-01','Room3', 'off',-53, 1);
INSERT INTO sensor_station(SENSOR_STATION_NAME, CREATE_DATE, UPDATE_DATE, LOCATION,alarm_switch, plant_plantid, alarm_count_threshold ) VALUES('G4T4','2022-03-01','2022-02-01','Room4', 'off',-54, 1);

insert into sensor (id,uuid,sensor_station_name,type, alarm_count,upper_border, lower_border,create_date) values(51,'000019b1-0000-1000-8000-00805f9b34fb', 'G4T2', 'SOIL_MOISTURE', 0, 0, 0,'2022-01-02');
insert into sensor (id,uuid,sensor_station_name,type, alarm_count,upper_border, lower_border,create_date) values(52,'000019b0-0000-1000-8000-00805f9b34fb', 'G4T2', 'HUMIDITY', 0, 0, 0,'2022-01-02');
insert into sensor (id,uuid,sensor_station_name,type, alarm_count,upper_border, lower_border,create_date) values(53,'000019b2-0000-1000-8000-00805f9b34fb', 'G4T2', 'AIR_PRESSURE', 0, 0, 0,'2022-01-02');
insert into sensor (id,uuid,sensor_station_name,type, alarm_count,upper_border, lower_border,create_date) values(54,'000019b3-0000-1000-8000-00805f9b34fb', 'G4T2', 'TEMPERATURE', 0, 0, 0,'2022-01-02');
insert into sensor (id,uuid,sensor_station_name,type, alarm_count,upper_border, lower_border,create_date) values(55,'010019b5-0000-1000-8000-00805f9b34fb', 'G4T2', 'AIR_QUALITY', 0, 0, 0,'2022-01-02');
insert into sensor (id,uuid,sensor_station_name,type, alarm_count,upper_border, lower_border,create_date) values(56,'100019b5-0000-1000-8000-00805f9b34fb', 'G4T2', 'LIGHT_INTENSITY', 0, 0, 0,'2022-01-02');
insert into sensor (id,uuid,sensor_station_name,type, alarm_count,upper_border, lower_border,create_date) values(57,'000019b6-0000-1000-8000-00805f9b34fb', 'G4T1', 'SOIL_MOISTURE', 0, 0, 0,'2022-01-06');
insert into sensor (id,uuid,sensor_station_name,type, alarm_count,upper_border, lower_border,create_date) values(58,'000019b7-0000-1000-8000-00805f9b34fb', 'G4T1', 'HUMIDITY', 0, 0, 0,'2022-01-07');
insert into sensor (id,uuid,sensor_station_name,type, alarm_count,upper_border, lower_border,create_date) values(59,'000019b8-0000-1000-8000-00805f9b34fb', 'G4T1', 'AIR_PRESSURE', 0, 0, 0,'2022-01-08');
insert into sensor (id,uuid,sensor_station_name,type, alarm_count,upper_border, lower_border,create_date) values(60,'000019b9-0000-1000-8000-00805f9b34fb', 'G4T1', 'TEMPERATURE', 0, 0, 0,'2022-01-09');
insert into sensor (id,uuid,sensor_station_name,type, alarm_count,upper_border, lower_border,create_date) values(61,'010019b10-0000-1000-8000-00805f9b34fb', 'G4T1', 'AIR_QUALITY', 0, 0, 0,'2022-01-10');
insert into sensor (id,uuid,sensor_station_name,type, alarm_count,upper_border, lower_border,create_date) values(62,'100019b10-0000-1000-8000-00805f9b34fb', 'G4T1', 'LIGHT_INTENSITY', 0, 0, 0,'2022-01-10');
insert into sensor (id,uuid,sensor_station_name,type, alarm_count,upper_border, lower_border,create_date) values(63,'00001911-0000-1000-8000-00805f9b34fb', 'G4T3', 'SOIL_MOISTURE', 0, 0, 0,'2022-01-12');
insert into sensor (id,uuid,sensor_station_name,type, alarm_count,upper_border, lower_border,create_date) values(64,'00001912-0000-1000-8000-00805f9b34fb', 'G4T3', 'HUMIDITY', 0, 0, 0,'2022-01-01');
insert into sensor (id,uuid,sensor_station_name,type, alarm_count,upper_border, lower_border,create_date) values(65,'00001913-0000-1000-8000-00805f9b34fb', 'G4T3', 'AIR_PRESSURE', 0, 0, 0,'2022-02-04');
insert into sensor (id,uuid,sensor_station_name,type, alarm_count,upper_border, lower_border,create_date) values(66,'00001914-0000-1000-8000-00805f9b34fb', 'G4T3', 'TEMPERATURE', 0, 0, 0,'2022-02-01');
insert into sensor (id,uuid,sensor_station_name,type, alarm_count,upper_border, lower_border,create_date) values(67,'01001915-0000-1000-8000-00805f9b34fb', 'G4T3', 'AIR_QUALITY', 0, 0, 0,'2022-03-01');
insert into sensor (id,uuid,sensor_station_name,type, alarm_count,upper_border, lower_border,create_date) values(68,'100019b10-0000-1000-8000-00805f9b34fb', 'G4T3', 'LIGHT_INTENSITY', 0, 0, 0,'2022-01-10');
insert into sensor (id,uuid,sensor_station_name,type, alarm_count,upper_border, lower_border,create_date) values(69,'00001911-0000-1000-8000-00805f9b34fb', 'G4T4', 'SOIL_MOISTURE', 0, 0, 0,'2022-01-12');
insert into sensor (id,uuid,sensor_station_name,type, alarm_count,upper_border, lower_border,create_date) values(70,'00001912-0000-1000-8000-00805f9b34fb', 'G4T4', 'HUMIDITY', 0, 0, 0,'2022-01-01');
insert into sensor (id,uuid,sensor_station_name,type, alarm_count,upper_border, lower_border,create_date) values(71,'00001913-0000-1000-8000-00805f9b34fb', 'G4T4', 'AIR_PRESSURE', 0, 0, 0,'2022-02-04');
insert into sensor (id,uuid,sensor_station_name,type, alarm_count,upper_border, lower_border,create_date) values(72,'00001914-0000-1000-8000-00805f9b34fb', 'G4T4', 'TEMPERATURE', 0, 0, 0,'2022-02-01');
insert into sensor (id,uuid,sensor_station_name,type, alarm_count,upper_border, lower_border,create_date) values(73,'01001915-0000-1000-8000-00805f9b34fb', 'G4T4', 'AIR_QUALITY', 0, 0, 0,'2022-03-01');
insert into sensor (id,uuid,sensor_station_name,type, alarm_count,upper_border, lower_border,create_date) values(74,'100019b10-0000-1000-8000-00805f9b34fb', 'G4T4', 'LIGHT_INTENSITY', 0, 0, 0,'2022-01-10');

INSERT INTO measurement (id, timestamp, type, unit, value_s, sensor_station_name) VALUES (53, '2023-05-19 08:25:04', 'LIGHT_INTENSITY', null, '1000', 'G4T1');
INSERT INTO measurement (id, timestamp, type, unit, value_s, sensor_station_name) VALUES (54, '2023-05-19 08:28:23', 'LIGHT_INTENSITY', null, '992', 'G4T2');
INSERT INTO measurement (id, timestamp, type, unit, value_s, sensor_station_name) VALUES (55, '2023-05-19 08:25:04', 'HUMIDITY', null, '83.97750854492188', 'G4T1');
INSERT INTO measurement (id, timestamp, type, unit, value_s, sensor_station_name) VALUES (56, '2023-05-19 08:28:24', 'HUMIDITY', null, '84.39555358886719', 'G4T1');
INSERT INTO measurement (id, timestamp, type, unit, value_s, sensor_station_name) VALUES (57, '2023-05-19 08:25:05', 'AIR_PRESSURE', null, '913.2100219726562', 'G4T1');
INSERT INTO measurement (id, timestamp, type, unit, value_s, sensor_station_name) VALUES (58, '2023-04-19 08:28:24', 'AIR_PRESSURE', null, '913.2100219726562', 'G4T2');
INSERT INTO measurement (id, timestamp, type, unit, value_s, sensor_station_name) VALUES (60, '2023-04-14 08:28:23', 'AIR_QUALITY', null, '29.437999725341797', 'G4T2');
INSERT INTO measurement (id, timestamp, type, unit, value_s, sensor_station_name) VALUES (59, '2023-04-14 08:25:05', 'AIR_QUALITY', null, '29.93400001525879', 'G4T2');
INSERT INTO measurement (id, timestamp, type, unit, value_s, sensor_station_name) VALUES (61, '2023-05-14 08:25:05', 'SOIL_MOISTURE', null, '613', 'G4T4');
INSERT INTO measurement (id, timestamp, type, unit, value_s, sensor_station_name) VALUES (62, '2023-05-14 08:28:25', 'SOIL_MOISTURE', null, '607', 'G4T3');
INSERT INTO measurement (id, timestamp, type, unit, value_s, sensor_station_name) VALUES (63, '2023-05-12 08:25:05', 'TEMPERATURE', null, '21.504837036132812', 'G4T3');
INSERT INTO measurement (id, timestamp, type, unit, value_s, sensor_station_name) VALUES (64, '2023-05-19 08:28:24', 'TEMPERATURE', null, '21.493755340576172', 'G4T3');
INSERT INTO measurement (id, timestamp, type, unit, value_s, sensor_station_name) VALUES (65, '2023-04-19 08:31:17', 'LIGHT_INTENSITY', null, '998', 'G4T3');
INSERT INTO measurement (id, timestamp, type, unit, value_s, sensor_station_name) VALUES (66, '2023-04-19 08:31:18', 'HUMIDITY', null, '83.90582275390625', 'G4T3');
INSERT INTO measurement (id, timestamp, type, unit, value_s, sensor_station_name) VALUES (67, '2023-04-19 08:31:18', 'AIR_PRESSURE', null, '913.2000122070312', 'G4T3');
INSERT INTO measurement (id, timestamp, type, unit, value_s, sensor_station_name) VALUES (68, '2023-05-19 08:31:17', 'AIR_QUALITY', null, '32.98899841308594', 'G4T3');
INSERT INTO measurement (id, timestamp, type, unit, value_s, sensor_station_name) VALUES (69, '2023-05-19 08:31:18', 'SOIL_MOISTURE', null, '625', 'G4T3');
INSERT INTO measurement (id, timestamp, type, unit, value_s, sensor_station_name) VALUES (70, '2023-05-19 08:31:17', 'TEMPERATURE', null, '21.4890079498291', 'G4T3');
INSERT INTO measurement (id, timestamp, type, unit, value_s, sensor_station_name) VALUES (71, '2023-05-19 08:34:11', 'LIGHT_INTENSITY', null, '1002', 'G4T2');
INSERT INTO measurement (id, timestamp, type, unit, value_s, sensor_station_name) VALUES (72, '2023-05-19 08:36:34', 'LIGHT_INTENSITY', null, '1001', 'G4T2');
INSERT INTO measurement (id, timestamp, type, unit, value_s, sensor_station_name) VALUES (73, '2023-05-19 08:51:02', 'LIGHT_INTENSITY', null, '997', 'G4T2');
INSERT INTO measurement (id, timestamp, type, unit, value_s, sensor_station_name) VALUES (74, '2023-05-19 08:53:25', 'LIGHT_INTENSITY', null, '1001', 'G4T2');
INSERT INTO measurement (id, timestamp, type, unit, value_s, sensor_station_name) VALUES (75, '2023-05-19 08:55:49', 'LIGHT_INTENSITY', null, '1001', 'G4T2');
INSERT INTO measurement (id, timestamp, type, unit, value_s, sensor_station_name) VALUES (76, '2023-05-12 08:34:12', 'HUMIDITY', null, '83.58514404296875', 'G4T2');
INSERT INTO measurement (id, timestamp, type, unit, value_s, sensor_station_name) VALUES (77, '2023-05-05 08:36:35', 'HUMIDITY', null, '84.54869842529297', 'G4T2');
INSERT INTO measurement (id, timestamp, type, unit, value_s, sensor_station_name) VALUES (78, '2023-05-12 08:51:02', 'HUMIDITY', null, '0.0', 'G4T2');
INSERT INTO measurement (id, timestamp, type, unit, value_s, sensor_station_name) VALUES (79, '2023-05-13 08:53:25', 'HUMIDITY', null, '0.0', 'G4T2');
INSERT INTO measurement (id, timestamp, type, unit, value_s, sensor_station_name) VALUES (80, '2023-05-14 08:55:50', 'HUMIDITY', null, '82.55126190185547', 'G4T3');
INSERT INTO measurement (id, timestamp, type, unit, value_s, sensor_station_name) VALUES (81, '2023-05-15 08:34:12', 'AIR_PRESSURE', null, '913.1799926757812', 'G4T3');
INSERT INTO measurement (id, timestamp, type, unit, value_s, sensor_station_name) VALUES (82, '2023-05-11 08:36:35', 'AIR_PRESSURE', null, '913.1699829101562', 'G4T3');
INSERT INTO measurement (id, timestamp, type, unit, value_s, sensor_station_name) VALUES (83, '2023-05-09 08:51:03', 'AIR_PRESSURE', null, '0.0', 'G4T3');
INSERT INTO measurement (id, timestamp, type, unit, value_s, sensor_station_name) VALUES (84, '2023-05-09 08:53:26', 'AIR_PRESSURE', null, '912.9400024414062', 'G4T3');
INSERT INTO measurement (id, timestamp, type, unit, value_s, sensor_station_name) VALUES (85, '2023-05-09 08:55:50', 'AIR_PRESSURE', null, '912.9400024414062', 'G4T3');
INSERT INTO measurement (id, timestamp, type, unit, value_s, sensor_station_name) VALUES (86, '2023-05-09 08:34:11', 'AIR_QUALITY', null, '31.69099998474121', 'G4T3');
INSERT INTO measurement (id, timestamp, type, unit, value_s, sensor_station_name) VALUES (87, '2023-05-09 08:36:34', 'AIR_QUALITY', null, '31.856000900268555', 'G4T3');
INSERT INTO measurement (id, timestamp, type, unit, value_s, sensor_station_name) VALUES (88, '2023-05-09 08:51:01', 'AIR_QUALITY', null, '0.0', 'G4T3');
INSERT INTO measurement (id, timestamp, type, unit, value_s, sensor_station_name) VALUES (89, '2023-05-19 08:53:25', 'AIR_QUALITY', null, '0.0', 'G4T3');
INSERT INTO measurement (id, timestamp, type, unit, value_s, sensor_station_name) VALUES (90, '2023-05-19 08:55:49', 'AIR_QUALITY', null, '94.27300262451172', 'G4T3');
INSERT INTO measurement (id, timestamp, type, unit, value_s, sensor_station_name) VALUES (91, '2023-04-24 08:34:12', 'SOIL_MOISTURE', null, '608', 'G4T3');
INSERT INTO measurement (id, timestamp, type, unit, value_s, sensor_station_name) VALUES (92, '2023-04-19 08:36:36', 'SOIL_MOISTURE', null, '605', 'G4T3');
INSERT INTO measurement (id, timestamp, type, unit, value_s, sensor_station_name) VALUES (93, '2023-04-14 08:51:02', 'SOIL_MOISTURE', null, '0', 'G4T3');
INSERT INTO measurement (id, timestamp, type, unit, value_s, sensor_station_name) VALUES (94, '2023-04-25 08:53:26', 'SOIL_MOISTURE', null, '0', 'G4T3');
INSERT INTO measurement (id, timestamp, type, unit, value_s, sensor_station_name) VALUES (95, '2023-04-27 08:55:50', 'SOIL_MOISTURE', null, '0', 'G4T3');
INSERT INTO measurement (id, timestamp, type, unit, value_s, sensor_station_name) VALUES (96, '2023-04-19 08:34:11', 'TEMPERATURE', null, '21.488056182861328', 'G4T3');
INSERT INTO measurement (id, timestamp, type, unit, value_s, sensor_station_name) VALUES (97, '2023-05-19 08:36:35', 'TEMPERATURE', null, '21.49217414855957', 'G4T3');
INSERT INTO measurement (id, timestamp, type, unit, value_s, sensor_station_name) VALUES (98, '2023-05-19 08:51:02', 'TEMPERATURE', null, '0.0', 'G4T3');
INSERT INTO measurement (id, timestamp, type, unit, value_s, sensor_station_name) VALUES (99, '2023-05-19 08:53:25', 'TEMPERATURE', null, '22.237794876098633', 'G4T3');
INSERT INTO measurement (id, timestamp, type, unit, value_s, sensor_station_name) VALUES (100, '2023-05-19 08:55:50', 'TEMPERATURE', null, '22.08740234375', 'G4T3');
INSERT INTO measurement (id, timestamp, type, unit, value_s, sensor_station_name) VALUES (101, '2023-05-07 08:58:43', 'LIGHT_INTENSITY', null, '1007', 'G4T3');
INSERT INTO measurement (id, timestamp, type, unit, value_s, sensor_station_name) VALUES (102, '2023-05-03 08:58:43', 'HUMIDITY', null, '83.44672393798828', 'G4T3');
INSERT INTO measurement (id, timestamp, type, unit, value_s, sensor_station_name) VALUES (103, '2023-05-19 08:58:44', 'AIR_PRESSURE', null, '912.9400024414062', 'G4T3');
INSERT INTO measurement (id, timestamp, type, unit, value_s, sensor_station_name) VALUES (104, '2023-05-03 08:58:43', 'AIR_QUALITY', null, '57.141998291015625', 'G4T3');
INSERT INTO measurement (id, timestamp, type, unit, value_s, sensor_station_name) VALUES (105, '2023-05-03 08:58:44', 'SOIL_MOISTURE', null, '0', 'G4T3');
INSERT INTO measurement (id, timestamp, type, unit, value_s, sensor_station_name) VALUES (106, '2023-05-04 08:58:44', 'TEMPERATURE', null, '21.978172302246094', 'G4T3');
INSERT INTO measurement (id, timestamp, type, unit, value_s, sensor_station_name) VALUES (107, '2023-05-19 09:03:57', 'LIGHT_INTENSITY', null, '982', 'G4T3');
INSERT INTO measurement (id, timestamp, type, unit, value_s, sensor_station_name) VALUES (108, '2023-05-02 09:04:02', 'HUMIDITY', null, '0.0', 'G4T3');
INSERT INTO measurement (id, timestamp, type, unit, value_s, sensor_station_name) VALUES (109, '2023-05-19 09:03:38', 'AIR_PRESSURE', null, '0.0', 'G4T3');
INSERT INTO measurement (id, timestamp, type, unit, value_s, sensor_station_name) VALUES (110, '2023-05-01 09:04:01', 'AIR_QUALITY', null, '0.0', 'G4T3');
INSERT INTO measurement (id, timestamp, type, unit, value_s, sensor_station_name) VALUES (111, '2023-05-19 09:03:52', 'SOIL_MOISTURE', null, '0.158982515335083', 'G4T3');
INSERT INTO measurement (id, timestamp, type, unit, value_s, sensor_station_name) VALUES (112, '2023-05-19 09:03:33', 'TEMPERATURE', null, '0.0', 'G4T3');
INSERT INTO measurement (id, timestamp, type, unit, value_s, sensor_station_name) VALUES (113, '2023-05-19 09:04:32', 'LIGHT_INTENSITY', null, '1000', 'G4T3');
INSERT INTO measurement (id, timestamp, type, unit, value_s, sensor_station_name) VALUES (114, '2023-05-19 09:04:33', 'HUMIDITY', null, '82.58106231689453', 'G4T3');
INSERT INTO measurement (id, timestamp, type, unit, value_s, sensor_station_name) VALUES (115, '2023-05-19 09:04:32', 'AIR_PRESSURE', null, '912.9000244140625', 'G4T3');
INSERT INTO measurement (id, timestamp, type, unit, value_s, sensor_station_name) VALUES (116, '2023-05-19 09:04:32', 'AIR_QUALITY', null, '52.180999755859375', 'G4T3');
INSERT INTO measurement (id, timestamp, type, unit, value_s, sensor_station_name) VALUES (117, '2023-05-19 09:04:32', 'SOIL_MOISTURE', null, '0.16313213109970093', 'G4T3');
INSERT INTO measurement (id, timestamp, type, unit, value_s, sensor_station_name) VALUES (118, '2023-05-19 09:04:31', 'TEMPERATURE', null, '22.282119750976562', 'G4T3');
INSERT INTO measurement (id, timestamp, type, unit, value_s, sensor_station_name) VALUES (119, '2023-05-19 09:05:02', 'LIGHT_INTENSITY', null, '981', 'G4T3');
INSERT INTO measurement (id, timestamp, type, unit, value_s, sensor_station_name) VALUES (120, '2023-05-19 09:05:03', 'HUMIDITY', null, '81.18672943115234', 'G4T3');
INSERT INTO measurement (id, timestamp, type, unit, value_s, sensor_station_name) VALUES (121, '2023-05-19 09:05:02', 'AIR_PRESSURE', null, '912.8900146484375', 'G4T3');
INSERT INTO measurement (id, timestamp, type, unit, value_s, sensor_station_name) VALUES (122, '2023-05-19 09:05:02', 'AIR_QUALITY', null, '51.79999923706055', 'G4T3');
INSERT INTO measurement (id, timestamp, type, unit, value_s, sensor_station_name) VALUES (123, '2023-05-19 09:05:02', 'SOIL_MOISTURE', null, '0.1599999964237213', 'G4T3');
INSERT INTO measurement (id, timestamp, type, unit, value_s, sensor_station_name) VALUES (124, '2023-05-19 09:05:01', 'TEMPERATURE', null, '22.13109588623047', 'G4T3');
INSERT INTO measurement (id, timestamp, type, unit, value_s, sensor_station_name) VALUES (125, '2023-05-19 09:05:32', 'LIGHT_INTENSITY', null, '995', 'G4T3');
INSERT INTO measurement (id, timestamp, type, unit, value_s, sensor_station_name) VALUES (126, '2023-05-19 09:05:33', 'HUMIDITY', null, '81.41180419921875', 'G4T3');
INSERT INTO measurement (id, timestamp, type, unit, value_s, sensor_station_name) VALUES (127, '2023-05-19 09:05:33', 'AIR_PRESSURE', null, '912.8900146484375', 'G4T3');
INSERT INTO measurement (id, timestamp, type, unit, value_s, sensor_station_name) VALUES (128, '2023-05-19 09:05:33', 'AIR_QUALITY', null, '58.23400115966797', 'G4T3');
INSERT INTO measurement (id, timestamp, type, unit, value_s, sensor_station_name) VALUES (129, '2023-05-19 09:05:33', 'SOIL_MOISTURE', null, '0.15847860276699066', 'G4T3');
INSERT INTO measurement (id, timestamp, type, unit, value_s, sensor_station_name) VALUES (130, '2023-05-19 09:05:32', 'TEMPERATURE', null, '22.018064498901367', 'G4T3');
INSERT INTO measurement (id, timestamp, type, unit, value_s, sensor_station_name) VALUES (131, '2023-05-19 09:06:04', 'LIGHT_INTENSITY', null, '1003', 'G4T3');
INSERT INTO measurement (id, timestamp, type, unit, value_s, sensor_station_name) VALUES (132, '2023-05-19 09:06:05', 'HUMIDITY', null, '81.55561065673828', 'G4T3');
INSERT INTO measurement (id, timestamp, type, unit, value_s, sensor_station_name) VALUES (133, '2023-05-12 09:06:04', 'AIR_PRESSURE', null, '912.8800048828125', 'G4T3');
INSERT INTO measurement (id, timestamp, type, unit, value_s, sensor_station_name) VALUES (134, '2023-05-12 09:06:05', 'AIR_QUALITY', null, '63.099998474121094', 'G4T3');
INSERT INTO measurement (id, timestamp, type, unit, value_s, sensor_station_name) VALUES (135, '2023-05-12 09:06:04', 'SOIL_MOISTURE', null, '0.1610305905342102', 'G4T3');
INSERT INTO measurement (id, timestamp, type, unit, value_s, sensor_station_name) VALUES (136, '2023-05-12 09:06:03', 'TEMPERATURE', null, '21.934162139892578', 'G4T3');
INSERT INTO measurement (id, timestamp, type, unit, value_s, sensor_station_name) VALUES (137, '2023-05-12 09:06:35', 'LIGHT_INTENSITY', null, '1006', 'G4T3');
INSERT INTO measurement (id, timestamp, type, unit, value_s, sensor_station_name) VALUES (138, '2023-05-12 09:06:36', 'HUMIDITY', null, '81.8406982421875', 'G4T3');
INSERT INTO measurement (id, timestamp, type, unit, value_s, sensor_station_name) VALUES (139, '2023-05-12 09:06:36', 'AIR_PRESSURE', null, '912.8699951171875', 'G4T3');
INSERT INTO measurement (id, timestamp, type, unit, value_s, sensor_station_name) VALUES (140, '2023-05-12 09:06:36', 'AIR_QUALITY', null, '66.44100189208984', 'G4T3');
INSERT INTO measurement (id, timestamp, type, unit, value_s, sensor_station_name) VALUES (141, '2023-05-12 09:06:36', 'SOIL_MOISTURE', null, '0.15847860276699066', 'G4T3');
INSERT INTO measurement (id, timestamp, type, unit, value_s, sensor_station_name) VALUES (142, '2023-05-12 09:06:35', 'TEMPERATURE', null, '21.871789932250977', 'G4T3');
INSERT INTO measurement (id, timestamp, type, unit, value_s, sensor_station_name) VALUES (143, '2023-05-12 09:07:05', 'LIGHT_INTENSITY', null, '996', 'G4T3');
INSERT INTO measurement (id, timestamp, type, unit, value_s, sensor_station_name) VALUES (144, '2023-05-12 09:07:06', 'HUMIDITY', null, '81.92646026611328', 'G4T3');
INSERT INTO measurement (id, timestamp, type, unit, value_s, sensor_station_name) VALUES (145, '2023-05-12 09:07:05', 'AIR_PRESSURE', null, '912.8699951171875', 'G4T3');
INSERT INTO measurement (id, timestamp, type, unit, value_s, sensor_station_name) VALUES (146, '2023-05-12 09:07:06', 'AIR_QUALITY', null, '68.96499633789062', 'G4T3');
INSERT INTO measurement (id, timestamp, type, unit, value_s, sensor_station_name) VALUES (147, '2023-05-12 09:07:05', 'SOIL_MOISTURE', null, '0.1599999964237213', 'G4T3');
INSERT INTO measurement (id, timestamp, type, unit, value_s, sensor_station_name) VALUES (148, '2023-05-12 09:07:05', 'TEMPERATURE', null, '21.825881958007812', 'G4T3');
INSERT INTO measurement (id, timestamp, type, unit, value_s, sensor_station_name) VALUES (149, '2023-05-12 09:07:35', 'LIGHT_INTENSITY', null, '1009', 'G4T3');
INSERT INTO measurement (id, timestamp, type, unit, value_s, sensor_station_name) VALUES (150, '2023-05-12 09:07:36', 'HUMIDITY', null, '81.5156021118164', 'G4T3');
INSERT INTO measurement (id, timestamp, type, unit, value_s, sensor_station_name) VALUES (151, '2023-05-12 09:07:35', 'AIR_PRESSURE', null, '912.8699951171875', 'G4T3');
INSERT INTO measurement (id, timestamp, type, unit, value_s, sensor_station_name) VALUES (152, '2023-05-12 09:07:36', 'AIR_QUALITY', null, '71.447998046875', 'G4T3');
INSERT INTO measurement (id, timestamp, type, unit, value_s, sensor_station_name) VALUES (153, '2023-05-12 09:07:35', 'SOIL_MOISTURE', null, '0.158982515335083', 'G4T3');
INSERT INTO measurement (id, timestamp, type, unit, value_s, sensor_station_name) VALUES (154, '2023-05-12 09:07:35', '0EMPERATURE', null, '21.791370391845703', 'G4T3');
INSERT INTO measurement (id, timestamp, type, unit, value_s, sensor_station_name) VALUES (155, '2023-05-12 09:08:05', 'LIGHT_INTENSITY', null, '1006', 'G4T3');
INSERT INTO measurement (id, timestamp, type, unit, value_s, sensor_station_name) VALUES (156, '2023-05-12 09:08:06', 'HUMIDITY', null, '82.00991821289062', 'G4T3');
INSERT INTO measurement (id, timestamp, type, unit, value_s, sensor_station_name) VALUES (157, '2023-05-19 09:08:05', 'AIR_PRESSURE', null, '912.8699951171875', 'G4T3');
INSERT INTO measurement (id, timestamp, type, unit, value_s, sensor_station_name) VALUES (158, '2023-05-19 09:08:06', 'AIR_QUALITY', null, '73.66899871826172', 'G4T3');
INSERT INTO measurement (id, timestamp, type, unit, value_s, sensor_station_name) VALUES (159, '2023-05-19 09:08:05', 'SOIL_MOISTURE', null, '0.1610305905342102', 'G4T3');
INSERT INTO measurement (id, timestamp, type, unit, value_s, sensor_station_name) VALUES (160, '2023-05-19 09:08:04', 'TEMPERATURE', null, '21.766992568969727', 'G4T3');
INSERT INTO measurement (id, timestamp, type, unit, value_s, sensor_station_name) VALUES (161, '2023-05-19 09:08:36', 'LIGHT_INTENSITY', null, '981', 'G4T3');
INSERT INTO measurement (id, timestamp, type, unit, value_s, sensor_station_name) VALUES (162, '2023-05-19 09:08:37', 'HUMIDITY', null, '81.73908996582031', 'G4T3');
INSERT INTO measurement (id, timestamp, type, unit, value_s, sensor_station_name) VALUES (163, '2023-05-10 09:08:36', 'AIR_PRESSURE', null, '912.8599853515625', 'G4T3');
INSERT INTO measurement (id, timestamp, type, unit, value_s, sensor_station_name) VALUES (164, '2023-05-10 09:08:36', 'AIR_QUALITY', null, '75.49299621582031', 'G4T3');
INSERT INTO measurement (id, timestamp, type, unit, value_s, sensor_station_name) VALUES (165, '2023-05-10 09:08:36', 'SOIL_MOISTURE', null, '0.16233766078948975', 'G4T3');
INSERT INTO measurement (id, timestamp, type, unit, value_s, sensor_station_name) VALUES (166, '2023-05-10 09:08:35', 'TEMPERATURE', null, '21.748628616333008', 'G4T3');
INSERT INTO measurement (id, timestamp, type, unit, value_s, sensor_station_name) VALUES (167, '2023-05-10 09:09:07', 'LIGHT_INTENSITY', null, '987', 'G4T3');
INSERT INTO measurement (id, timestamp, type, unit, value_s, sensor_station_name) VALUES (168, '2023-05-10 09:09:07', 'HUMIDITY', null, '80.68389892578125', 'G4T3');
INSERT INTO measurement (id, timestamp, type, unit, value_s, sensor_station_name) VALUES (169, '2023-05-10 09:09:07', 'AIR_PRESSURE', null, '912.8499755859375', 'G4T3');
INSERT INTO measurement (id, timestamp, type, unit, value_s, sensor_station_name) VALUES (170, '2023-05-10 09:09:07', 'AIR_QUALITY', null, '76.9229965209961', 'G4T3');
INSERT INTO measurement (id, timestamp, type, unit, value_s, sensor_station_name) VALUES (171, '2023-05-10 09:09:07', 'SOIL_MOISTURE', null, '0.16155089437961578', 'G4T3');
INSERT INTO measurement (id, timestamp, type, unit, value_s, sensor_station_name) VALUES (172, '2023-05-10 09:09:06', 'TEMPERATURE', null, '21.735013961791992', 'G4T3');
INSERT INTO measurement (id, timestamp, type, unit, value_s, sensor_station_name) VALUES (173, '2023-05-10 09:09:36', 'LIGHT_INTENSITY', null, '1003', 'G4T3');
INSERT INTO measurement (id, timestamp, type, unit, value_s, sensor_station_name) VALUES (174, '2023-05-10 09:09:37', 'HUMIDITY', null, '80.66056823730469', 'G4T3');
INSERT INTO measurement (id, timestamp, type, unit, value_s, sensor_station_name) VALUES (175, '2023-05-10 09:09:36', 'AIR_PRESSURE', null, '912.8499755859375', 'G4T3');
INSERT INTO measurement (id, timestamp, type, unit, value_s, sensor_station_name) VALUES (176, '2023-05-10 09:09:37', 'AIR_QUALITY', null, '77.83499908447266', 'G4T3');
INSERT INTO measurement (id, timestamp, type, unit, value_s, sensor_station_name) VALUES (177, '2023-05-10 09:09:37', 'SOIL_MOISTURE', null, '0.16260161995887756', 'G4T3');
INSERT INTO measurement (id, timestamp, type, unit, value_s, sensor_station_name) VALUES (178, '2023-05-09 09:09:36', 'TEMPERATURE', null, '21.72519874572754', 'G4T3');
INSERT INTO measurement (id, timestamp, type, unit, value_s, sensor_station_name) VALUES (179, '2023-05-19 09:10:05', 'LIGHT_INTENSITY', null, '981', 'G4T3');
INSERT INTO measurement (id, timestamp, type, unit, value_s, sensor_station_name) VALUES (180, '2023-05-28 09:10:06', 'HUMIDITY', null, '81.07713317871094', 'G4T3');
INSERT INTO measurement (id, timestamp, type, unit, value_s, sensor_station_name) VALUES (181, '2023-05-19 09:10:06', 'AIR_PRESSURE', null, '912.8400268554688', 'G4T3');
INSERT INTO measurement (id, timestamp, type, unit, value_s, sensor_station_name) VALUES (182, '2023-05-19 09:10:06', 'AIR_QUALITY', null, '78.98699951171875', 'G4T3');
INSERT INTO measurement (id, timestamp, type, unit, value_s, sensor_station_name) VALUES (183, '2023-05-19 09:10:06', 'SOIL_MOISTURE', null, '0.158982515335083', 'G4T3');
INSERT INTO measurement (id, timestamp, type, unit, value_s, sensor_station_name) VALUES (184, '2023-05-19 09:10:05', 'TEMPERATURE', null, '21.71918296813965', 'G4T3');
INSERT INTO measurement (id, timestamp, type, unit, value_s, sensor_station_name) VALUES (185, '2023-05-19 09:10:35', 'LIGHT_INTENSITY', null, '982', 'G4T3');
INSERT INTO measurement (id, timestamp, type, unit, value_s, sensor_station_name) VALUES (186, '2023-05-19 09:10:36', 'HUMIDITY', null, '81.24952697753906', 'G4T3');
INSERT INTO measurement (id, timestamp, type, unit, value_s, sensor_station_name) VALUES (187, '2023-05-19 09:10:35', 'AIR_PRESSURE', null, '912.8300170898438', 'G4T3');
INSERT INTO measurement (id, timestamp, type, unit, value_s, sensor_station_name) VALUES (188, '2023-05-19 09:10:36', 'AIR_QUALITY', null, '80.78199768066406', 'G4T3');
INSERT INTO measurement (id, timestamp, type, unit, value_s, sensor_station_name) VALUES (189, '2023-05-19 09:10:36', 'SOIL_MOISTURE', null, '0.15923567116260529', 'G4T3');
INSERT INTO measurement (id, timestamp, type, unit, value_s, sensor_station_name) VALUES (190, '2023-05-19 09:10:35', 'TEMPERATURE', null, '21.715700149536133', 'G4T3');
INSERT INTO measurement (id, timestamp, type, unit, value_s, sensor_station_name) VALUES (191, '2023-05-19 09:11:04', 'LIGHT_INTENSITY', null, '983', 'G4T3');
INSERT INTO measurement (id, timestamp, type, unit, value_s, sensor_station_name) VALUES (192, '2023-05-19 09:11:05', 'HUMIDITY', null, '80.80950927734375', 'G4T3');
INSERT INTO measurement (id, timestamp, type, unit, value_s, sensor_station_name) VALUES (193, '2023-05-19 09:11:05', 'AIR_PRESSURE', null, '912.8200073242188', 'G4T3');
INSERT INTO measurement (id, timestamp, type, unit, value_s, sensor_station_name) VALUES (194, '2023-05-19 09:11:05', 'AIR_QUALITY', null, '81.94599914550781', 'G4T3');
INSERT INTO measurement (id, timestamp, type, unit, value_s, sensor_station_name) VALUES (195, '2023-05-19 09:11:05', 'SOIL_MOISTURE', null, '0.1610305905342102', 'G4T3');
INSERT INTO measurement (id, timestamp, type, unit, value_s, sensor_station_name) VALUES (196, '2023-05-19 09:11:04', 'TEMPERATURE', null, '21.71285057067871', 'G4T3');
INSERT INTO measurement (id, timestamp, type, unit, value_s, sensor_station_name) VALUES (197, '2023-05-19 09:11:33', 'LIGHT_INTENSITY', null, '1009', 'G4T3');
INSERT INTO measurement (id, timestamp, type, unit, value_s, sensor_station_name) VALUES (198, '2023-05-19 09:11:34', 'HUMIDITY', null, '80.47820281982422', 'G4T3');
INSERT INTO measurement (id, timestamp, type, unit, value_s, sensor_station_name) VALUES (199, '2023-05-19 09:11:34', 'AIR_PRESSURE', null, '912.8200073242188', 'G4T3');
INSERT INTO measurement (id, timestamp, type, unit, value_s, sensor_station_name) VALUES (200, '2023-05-19 09:11:34', 'AIR_QUALITY', null, '82.34100341796875', 'G4T3');
INSERT INTO measurement (id, timestamp, type, unit, value_s, sensor_station_name) VALUES (201, '2023-05-19 09:11:34', 'SOIL_MOISTURE', null, '0.15847860276699066', 'G4T3');
INSERT INTO measurement (id, timestamp, type, unit, value_s, sensor_station_name) VALUES (202, '2023-05-19 09:11:33', 'TEMPERATURE', null, '21.710636138916016', 'G4T3');
INSERT INTO measurement (id, timestamp, type, unit, value_s, sensor_station_name) VALUES (203, '2023-05-19 09:12:03', 'LIGHT_INTENSITY', null, '1003', 'G4T3');
INSERT INTO measurement (id, timestamp, type, unit, value_s, sensor_station_name) VALUES (204, '2023-05-19 09:12:04', 'HUMIDITY', null, '81.37102508544922', 'G4T3');
INSERT INTO measurement (id, timestamp, type, unit, value_s, sensor_station_name) VALUES (205, '2023-05-19 09:12:03', 'AIR_PRESSURE', null, '912.8300170898438', 'G4T3');
INSERT INTO measurement (id, timestamp, type, unit, value_s, sensor_station_name) VALUES (206, '2023-05-19 09:12:03', 'AIR_QUALITY', null, '83.14299774169922', 'G4T3');
INSERT INTO measurement (id, timestamp, type, unit, value_s, sensor_station_name) VALUES (207, '2023-05-19 09:12:03', 'SOIL_MOISTURE', null, '0.16447368264198303', 'G4T3');
INSERT INTO measurement (id, timestamp, type, unit, value_s, sensor_station_name) VALUES (208, '2023-05-19 09:12:02', 'TEMPERATURE', null, '21.709369659423828', 'G4T3');
INSERT INTO measurement (id, timestamp, type, unit, value_s, sensor_station_name) VALUES (209, '2023-05-19 09:12:39', 'LIGHT_INTENSITY', null, '1004', 'G4T3');
INSERT INTO measurement (id, timestamp, type, unit, value_s, sensor_station_name) VALUES (210, '2023-05-19 09:12:40', 'HUMIDITY', null, '0.0', 'G4T3');
INSERT INTO measurement (id, timestamp, type, unit, value_s, sensor_station_name) VALUES (211, '2023-05-19 09:12:39', 'AIR_PRESSURE', null, '0.0', 'G4T3');
INSERT INTO measurement (id, timestamp, type, unit, value_s, sensor_station_name) VALUES (212, '2023-05-19 09:12:40', 'AIR_QUALITY', null, '0.0', 'G4T3');
INSERT INTO measurement (id, timestamp, type, unit, value_s, sensor_station_name) VALUES (213, '2023-05-19 09:12:39', 'SOIL_MOISTURE', null, '60.9375', 'G4T3');
INSERT INTO measurement (id, timestamp, type, unit, value_s, sensor_station_name) VALUES (214, '2023-05-28 09:12:39', 'TEMPERATURE', null, '0.0', 'G4T3');
INSERT INTO measurement (id, timestamp, type, unit, value_s, sensor_station_name) VALUES (215, '2023-05-28 09:13:08', 'LIGHT_INTENSITY', null, '1008', 'G4T3');
INSERT INTO measurement (id, timestamp, type, unit, value_s, sensor_station_name) VALUES (216, '2023-05-28 09:13:09', 'HUMIDITY', null, '80.86270141601562', 'G4T2');
INSERT INTO measurement (id, timestamp, type, unit, value_s, sensor_station_name) VALUES (217, '2023-05-28 09:13:09', 'AIR_PRESSURE', null, '912.7899780273438', 'G4T2');
INSERT INTO measurement (id, timestamp, type, unit, value_s, sensor_station_name) VALUES (218, '2023-05-28 09:13:09', 'AIR_QUALITY', null, '135.41299438476562', 'G4T2');
INSERT INTO measurement (id, timestamp, type, unit, value_s, sensor_station_name) VALUES (219, '2023-05-28 09:13:09', 'SOIL_MOISTURE', null, '59.47265625', 'G4T2');
INSERT INTO measurement (id, timestamp, type, unit, value_s, sensor_station_name) VALUES (220, '2023-05-28 09:13:08', 'TEMPERATURE', null, '22.334362030029297', 'G4T2');
INSERT INTO measurement (id, timestamp, type, unit, value_s, sensor_station_name) VALUES (221, '2023-05-28 09:13:39', 'LIGHT_INTENSITY', null, '986', 'G4T2');
INSERT INTO measurement (id, timestamp, type, unit, value_s, sensor_station_name) VALUES (222, '2023-05-28 09:13:40', 'HUMIDITY', null, '80.41807556152344', 'G4T2');
INSERT INTO measurement (id, timestamp, type, unit, value_s, sensor_station_name) VALUES (223, '2023-05-28 09:13:39', 'AIR_PRESSURE', null, '912.7999877929688', 'G4T2');
INSERT INTO measurement (id, timestamp, type, unit, value_s, sensor_station_name) VALUES (224, '2023-05-28 09:13:39', 'AIR_QUALITY', null, '113.14900207519531', 'G4T2');
INSERT INTO measurement (id, timestamp, type, unit, value_s, sensor_station_name) VALUES (225, '2023-05-28 09:13:39', 'SOIL_MOISTURE', null, '61.23046875', 'G4T2');
INSERT INTO measurement (id, timestamp, type, unit, value_s, sensor_station_name) VALUES (226, '2023-05-28 09:13:38', 'TEMPERATURE', null, '22.181753158569336', 'G4T2');
INSERT INTO measurement (id, timestamp, type, unit, value_s, sensor_station_name) VALUES (227, '2023-05-28 09:14:09', 'LIGHT_INTENSITY', null, '991', 'G4T2');
INSERT INTO measurement (id, timestamp, type, unit, value_s, sensor_station_name) VALUES (228, '2023-05-28 09:14:10', 'HUMIDITY', null, '80.74310302734375', 'G4T2');
INSERT INTO measurement (id, timestamp, type, unit, value_s, sensor_station_name) VALUES (229, '2023-05-28 09:14:09', 'AIR_PRESSURE', null, '912.7999877929688', 'G4T3');
INSERT INTO measurement (id, timestamp, type, unit, value_s, sensor_station_name) VALUES (230, '2023-05-28 09:14:09', 'AIR_QUALITY', null, '102.66600036621094', 'G4T3');
INSERT INTO measurement (id, timestamp, type, unit, value_s, sensor_station_name) VALUES (231, '2023-05-28 09:14:09', 'SOIL_MOISTURE', null, '61.328125', 'G4T3');
INSERT INTO measurement (id, timestamp, type, unit, value_s, sensor_station_name) VALUES (232, '2023-05-28 09:14:08', 'TEMPERATURE', null, '22.067773818969727', 'G4T3');
INSERT INTO measurement (id, timestamp, type, unit, value_s, sensor_station_name) VALUES (233, '2023-05-28 09:14:40', 'LIGHT_INTENSITY', null, '1003', 'G4T3');
INSERT INTO measurement (id, timestamp, type, unit, value_s, sensor_station_name) VALUES (234, '2023-05-28 09:14:41', 'HUMIDITY', null, '80.79253387451172', 'G4T3');
INSERT INTO measurement (id, timestamp, type, unit, value_s, sensor_station_name) VALUES (235, '2023-05-28 09:14:41', 'AIR_PRESSURE', null, '912.7999877929688', 'G4T3');
INSERT INTO measurement (id, timestamp, type, unit, value_s, sensor_station_name) VALUES (236, '2023-05-28 09:14:41', 'AIR_QUALITY', null, '98.06500244140625', 'G4T3');
INSERT INTO measurement (id, timestamp, type, unit, value_s, sensor_station_name) VALUES (237, '2023-05-28 09:14:41', 'SOIL_MOISTURE', null, '61.62109375', 'G4T3');
INSERT INTO measurement (id, timestamp, type, unit, value_s, sensor_station_name) VALUES (238, '2023-05-28 09:14:40', 'TEMPERATURE', null, '21.98165512084961', 'G4T3');
INSERT INTO measurement (id, timestamp, type, unit, value_s, sensor_station_name) VALUES (239, '2023-06-16 09:15:10', 'LIGHT_INTENSITY', null, '1005', 'G4T3');
INSERT INTO measurement (id, timestamp, type, unit, value_s, sensor_station_name) VALUES (240, '2023-06-16 09:15:11', 'HUMIDITY', null, '81.30725860595703', 'G4T3');
INSERT INTO measurement (id, timestamp, type, unit, value_s, sensor_station_name) VALUES (241, '2023-06-19 09:15:10', 'AIR_PRESSURE', null, '912.7999877929688', 'G4T3');
INSERT INTO measurement (id, timestamp, type, unit, value_s, sensor_station_name) VALUES (242, '2023-06-19 09:15:10', 'AIR_QUALITY', null, '94.37699890136719', 'G4T3');
INSERT INTO measurement (id, timestamp, type, unit, value_s, sensor_station_name) VALUES (243, '2023-06-19 09:15:10', 'SOIL_MOISTURE', null, '61.42578125', 'G4T3');
INSERT INTO measurement (id, timestamp, type, unit, value_s, sensor_station_name) VALUES (244, '2023-06-19 09:15:09', 'TEMPERATURE', null, '21.91769790649414', 'G4T3');
INSERT INTO measurement (id, timestamp, type, unit, value_s, sensor_station_name) VALUES (245, '2023-06-19 09:15:40', 'LIGHT_INTENSITY', null, '996', 'G4T3');
INSERT INTO measurement (id, timestamp, type, unit, value_s, sensor_station_name) VALUES (246, '2023-06-19 09:15:41', 'HUMIDITY', null, '81.07527923583984', 'G4T3');
INSERT INTO measurement (id, timestamp, type, unit, value_s, sensor_station_name) VALUES (247, '2023-06-19 09:15:40', 'AIR_PRESSURE', null, '912.8200073242188', 'G4T3');
INSERT INTO measurement (id, timestamp, type, unit, value_s, sensor_station_name) VALUES (248, '2023-06-19 09:15:40', 'AIR_QUALITY', null, '93.91000366210938', 'G4T3');
INSERT INTO measurement (id, timestamp, type, unit, value_s, sensor_station_name) VALUES (249, '2023-06-19 09:15:40', 'SOIL_MOISTURE', null, '61.1328125', 'G4T3');
INSERT INTO measurement (id, timestamp, type, unit, value_s, sensor_station_name) VALUES (250, '2023-06-19 09:15:39', 'TEMPERATURE', null, '21.87052345275879', 'G4T3');
INSERT INTO measurement (id, timestamp, type, unit, value_s, sensor_station_name) VALUES (251, '2023-06-19 09:16:11', 'LIGHT_INTENSITY', null, '1009', 'G4T3');
INSERT INTO measurement (id, timestamp, type, unit, value_s, sensor_station_name) VALUES (252, '2023-06-19 09:16:12', 'HUMIDITY', null, '80.23442840576172', 'G4T3');
INSERT INTO measurement (id, timestamp, type, unit, value_s, sensor_station_name) VALUES (253, '2023-06-19 09:16:12', 'AIR_PRESSURE', null, '912.8200073242188', 'G4T3');
INSERT INTO measurement (id, timestamp, type, unit, value_s, sensor_station_name) VALUES (254, '2023-06-19 09:16:12', 'AIR_QUALITY', null, '92.41799926757812', 'G4T3');
INSERT INTO measurement (id, timestamp, type, unit, value_s, sensor_station_name) VALUES (255, '2023-06-19 09:16:12', 'SOIL_MOISTURE', null, '59.5703125', 'G4T3');
INSERT INTO measurement (id, timestamp, type, unit, value_s, sensor_station_name) VALUES (256, '2023-06-19 09:16:11', 'TEMPERATURE', null, '21.835378646850586', 'G4T3');
INSERT INTO measurement (id, timestamp, type, unit, value_s, sensor_station_name) VALUES (257, '2023-06-19 09:16:41', 'LIGHT_INTENSITY', null, '998', 'G4T3');
INSERT INTO measurement (id, timestamp, type, unit, value_s, sensor_station_name) VALUES (258, '2023-06-19 09:16:42', 'HUMIDITY', null, '79.9640884399414', 'G4T3');
INSERT INTO measurement (id, timestamp, type, unit, value_s, sensor_station_name) VALUES (259, '2023-06-19 09:16:41', 'AIR_PRESSURE', null, '912.8200073242188', 'G4T3');
INSERT INTO measurement (id, timestamp, type, unit, value_s, sensor_station_name) VALUES (260, '2023-06-19 09:16:42', 'AIR_QUALITY', null, '92.0199966430664', 'G4T3');
INSERT INTO measurement (id, timestamp, type, unit, value_s, sensor_station_name) VALUES (261, '2023-06-30 09:16:41', 'SOIL_MOISTURE', null, '60.64453125', 'G4T3');
INSERT INTO measurement (id, timestamp, type, unit, value_s, sensor_station_name) VALUES (262, '2023-06-30 09:16:40', 'TEMPERATURE', null, '21.808467864990234', 'G4T3');
INSERT INTO measurement (id, timestamp, type, unit, value_s, sensor_station_name) VALUES (263, '2023-06-30 09:17:12', 'LIGHT_INTENSITY', null, '1003', 'G4T3');
INSERT INTO measurement (id, timestamp, type, unit, value_s, sensor_station_name) VALUES (264, '2023-06-30 09:17:12', 'HUMIDITY', null, '80.82302856445312', 'G4T3');
INSERT INTO measurement (id, timestamp, type, unit, value_s, sensor_station_name) VALUES (265, '2023-06-30 09:17:12', 'AIR_PRESSURE', null, '912.8200073242188', 'G4T1');
INSERT INTO measurement (id, timestamp, type, unit, value_s, sensor_station_name) VALUES (267, '2023-06-30 09:17:12', 'SOIL_MOISTURE', null, '61.62109375', 'G4T1');
INSERT INTO measurement (id, timestamp, type, unit, value_s, sensor_station_name) VALUES (266, '2023-06-30 09:17:12', 'AIR_QUALITY', null, '91.7229995727539', 'G4T1');
INSERT INTO measurement (id, timestamp, type, unit, value_s, sensor_station_name) VALUES (268, '2023-06-30 09:17:11', 'TEMPERATURE', null, '21.788837432861328', 'G4T1');
INSERT INTO measurement (id, timestamp, type, unit, value_s, sensor_station_name) VALUES (269, '2023-06-30 09:17:42', 'LIGHT_INTENSITY', null, '995', 'G4T1');
INSERT INTO measurement (id, timestamp, type, unit, value_s, sensor_station_name) VALUES (270, '2023-06-30 09:17:43', 'HUMIDITY', null, '81.70044708251953', 'G4T1');
INSERT INTO measurement (id, timestamp, type, unit, value_s, sensor_station_name) VALUES (271, '2023-06-30 09:17:42', 'AIR_PRESSURE', null, '912.8200073242188', 'G4T1');
INSERT INTO measurement (id, timestamp, type, unit, value_s, sensor_station_name) VALUES (272, '2023-06-30 09:17:42', 'AIR_QUALITY', null, '90.6510009765625', 'G4T1');
INSERT INTO measurement (id, timestamp, type, unit, value_s, sensor_station_name) VALUES (273, '2023-06-30 09:17:42', 'SOIL_MOISTURE', null, '61.62109375', 'G4T1');
INSERT INTO measurement (id, timestamp, type, unit, value_s, sensor_station_name) VALUES (274, '2023-06-30 09:17:41', 'TEMPERATURE', null, '21.774906158447266', 'G4T1');
INSERT INTO measurement (id, timestamp, type, unit, value_s, sensor_station_name) VALUES (275, '2023-05-30 09:18:12', 'LIGHT_INTENSITY', null, '1004', 'G4T1');
INSERT INTO measurement (id, timestamp, type, unit, value_s, sensor_station_name) VALUES (276, '2023-05-30 09:18:13', 'HUMIDITY', null, '82.1688461303711', 'G4T1');
INSERT INTO measurement (id, timestamp, type, unit, value_s, sensor_station_name) VALUES (277, '2023-05-30 09:18:12', 'AIR_PRESSURE', null, '912.8200073242188', 'G4T1');
INSERT INTO measurement (id, timestamp, type, unit, value_s, sensor_station_name) VALUES (278, '2023-05-30 09:18:13', 'AIR_QUALITY', null, '90.1719970703125', 'G4T1');
INSERT INTO measurement (id, timestamp, type, unit, value_s, sensor_station_name) VALUES (279, '2023-05-30 09:18:12', 'SOIL_MOISTURE', null, '61.1328125', 'G4T1');
INSERT INTO measurement (id, timestamp, type, unit, value_s, sensor_station_name) VALUES (280, '2023-05-30 09:18:11', 'TEMPERATURE', null, '21.76540756225586', 'G4T1');
INSERT INTO measurement (id, timestamp, type, unit, value_s, sensor_station_name) VALUES (281, '2023-05-30 09:18:41', 'LIGHT_INTENSITY', null, '997', 'G4T1');
INSERT INTO measurement (id, timestamp, type, unit, value_s, sensor_station_name) VALUES (282, '2023-05-30 09:18:42', 'HUMIDITY', null, '81.56027221679688', 'G4T2');
INSERT INTO measurement (id, timestamp, type, unit, value_s, sensor_station_name) VALUES (283, '2023-05-30 09:18:42', 'AIR_PRESSURE', null, '912.8099975585938', 'G4T2');
INSERT INTO measurement (id, timestamp, type, unit, value_s, sensor_station_name) VALUES (284, '2023-05-30 09:18:42', 'AIR_QUALITY', null, '90.74700164794922', 'G4T2');
INSERT INTO measurement (id, timestamp, type, unit, value_s, sensor_station_name) VALUES (285, '2023-05-30 09:18:42', 'SOIL_MOISTURE', null, '61.1328125', 'G4T1');
INSERT INTO measurement (id, timestamp, type, unit, value_s, sensor_station_name) VALUES (286, '2023-05-30 09:18:41', 'TEMPERATURE', null, '21.758441925048828', 'G4T3');
INSERT INTO measurement (id, timestamp, type, unit, value_s, sensor_station_name) VALUES (287, '2023-05-30 09:19:11', 'LIGHT_INTENSITY', null, '984', 'G4T4');
INSERT INTO measurement (id, timestamp, type, unit, value_s, sensor_station_name) VALUES (288, '2023-05-30 09:19:12', 'HUMIDITY', null, '81.6893081665039', 'G4T4');
INSERT INTO measurement (id, timestamp, type, unit, value_s, sensor_station_name) VALUES (289, '2023-05-30 09:19:12', 'AIR_PRESSURE', null, '912.8200073242188', 'G4T4');
INSERT INTO measurement (id, timestamp, type, unit, value_s, sensor_station_name) VALUES (290, '2023-05-30 09:19:12', 'AIR_QUALITY', null, '90.94100189208984', 'G4T4');
INSERT INTO measurement (id, timestamp, type, unit, value_s, sensor_station_name) VALUES (291, '2023-05-30 09:19:12', 'SOIL_MOISTURE', null, '59.47265625', 'G4T4');
INSERT INTO measurement (id, timestamp, type, unit, value_s, sensor_station_name) VALUES (292, '2023-05-30 09:19:11', 'TEMPERATURE', null, '21.753061294555664', 'G4T3');
INSERT INTO measurement (id, timestamp, type, unit, value_s, sensor_station_name) VALUES (293, '2023-05-30 09:19:40', 'LIGHT_INTENSITY', null, '1011', 'G4T4');
INSERT INTO measurement (id, timestamp, type, unit, value_s, sensor_station_name) VALUES (294, '2023-05-19 09:19:41', 'HUMIDITY', null, '81.56588745117188', 'G4T4');
INSERT INTO measurement (id, timestamp, type, unit, value_s, sensor_station_name) VALUES (295, '2023-05-19 09:19:41', 'AIR_PRESSURE', null, '912.8200073242188', 'G4T4');
INSERT INTO measurement (id, timestamp, type, unit, value_s, sensor_station_name) VALUES (296, '2023-05-19 09:19:41', 'AIR_QUALITY', null, '90.74700164794922', 'G4T4');
INSERT INTO measurement (id, timestamp, type, unit, value_s, sensor_station_name) VALUES (297, '2023-05-19 09:19:41', 'SOIL_MOISTURE', null, '61.62109375', 'G4T4');
INSERT INTO measurement (id, timestamp, type, unit, value_s, sensor_station_name) VALUES (298, '2023-05-19 09:19:40', 'TEMPERATURE', null, '21.749576568603516', 'G4T4');
INSERT INTO measurement (id, timestamp, type, unit, value_s, sensor_station_name) VALUES (299, '2023-05-19 09:20:09', 'LIGHT_INTENSITY', null, '987', 'G4T4');
INSERT INTO measurement (id, timestamp, type, unit, value_s, sensor_station_name) VALUES (300, '2023-05-19 09:20:10', 'HUMIDITY', null, '81.58733367919922', 'G4T4');
INSERT INTO measurement (id, timestamp, type, unit, value_s, sensor_station_name) VALUES (301, '2023-05-19 09:20:10', 'AIR_PRESSURE', null, '912.8300170898438', 'G4T4');
INSERT INTO measurement (id, timestamp, type, unit, value_s, sensor_station_name) VALUES (302, '2023-05-19 09:20:10', 'AIR_QUALITY', null, '92.0199966430664', 'G4T4');
INSERT INTO measurement (id, timestamp, type, unit, value_s, sensor_station_name) VALUES (303, '2023-05-19 09:20:10', 'SOIL_MOISTURE', null, '61.42578125', 'G4T4');
INSERT INTO measurement (id, timestamp, type, unit, value_s, sensor_station_name) VALUES (304, '2023-05-13 09:20:09', 'TEMPERATURE', null, '21.748310089111328', 'G4T4');
INSERT INTO measurement (id, timestamp, type, unit, value_s, sensor_station_name) VALUES (305, '2023-05-13 09:20:39', 'LIGHT_INTENSITY', null, '1006', 'G4T4');
INSERT INTO measurement (id, timestamp, type, unit, value_s, sensor_station_name) VALUES (306, '2023-05-13 09:20:39', 'HUMIDITY', null, '81.161376953125', 'G4T4');
INSERT INTO measurement (id, timestamp, type, unit, value_s, sensor_station_name) VALUES (307, '2023-05-13 09:20:39', 'AIR_PRESSURE', null, '912.8300170898438', 'G4T4');
INSERT INTO measurement (id, timestamp, type, unit, value_s, sensor_station_name) VALUES (308, '2023-05-13 09:20:39', 'AIR_QUALITY', null, '92.51799774169922', 'G4T3');
INSERT INTO measurement (id, timestamp, type, unit, value_s, sensor_station_name) VALUES (309, '2023-05-13 09:20:39', 'SOIL_MOISTURE', null, '61.42578125', 'G4T3');
INSERT INTO measurement (id, timestamp, type, unit, value_s, sensor_station_name) VALUES (310, '2023-05-13 09:20:38', 'TEMPERATURE', null, '21.74704360961914', 'G4T3');
INSERT INTO measurement (id, timestamp, type, unit, value_s, sensor_station_name) VALUES (311, '2023-05-13 09:21:08', 'LIGHT_INTENSITY', null, '981', 'G4T3');
INSERT INTO measurement (id, timestamp, type, unit, value_s, sensor_station_name) VALUES (312, '2023-05-13 09:21:09', 'HUMIDITY', null, '81.3125228881836', 'G4T3');
INSERT INTO measurement (id, timestamp, type, unit, value_s, sensor_station_name) VALUES (313, '2023-05-13 09:21:08', 'AIR_PRESSURE', null, '912.8300170898438', 'G4T3');
INSERT INTO measurement (id, timestamp, type, unit, value_s, sensor_station_name) VALUES (314, '2023-05-13 09:21:09', 'AIR_QUALITY', null, '92.31800079345703', 'G4T3');
INSERT INTO measurement (id, timestamp, type, unit, value_s, sensor_station_name) VALUES (315, '2023-05-13 09:21:08', 'SOIL_MOISTURE', null, '61.03515625', 'G4T3');
INSERT INTO measurement (id, timestamp, type, unit, value_s, sensor_station_name) VALUES (316, '2023-05-13 09:21:07', 'TEMPERATURE', null, '21.74546241760254', 'G4T3');
INSERT INTO measurement (id, timestamp, type, unit, value_s, sensor_station_name) VALUES (317, '2023-05-13 09:21:39', 'LIGHT_INTENSITY', null, '997', 'G4T3');
INSERT INTO measurement (id, timestamp, type, unit, value_s, sensor_station_name) VALUES (318, '2023-05-13 09:21:40', 'HUMIDITY', null, '81.34111785888672', 'G4T3');
INSERT INTO measurement (id, timestamp, type, unit, value_s, sensor_station_name) VALUES (319, '2023-05-13 09:21:39', 'AIR_PRESSURE', null, '912.8200073242188', 'G4T3');
INSERT INTO measurement (id, timestamp, type, unit, value_s, sensor_station_name) VALUES (320, '2023-05-13 09:21:40', 'AIR_QUALITY', null, '94.11699676513672', 'G4T3');
INSERT INTO measurement (id, timestamp, type, unit, value_s, sensor_station_name) VALUES (321, '2023-05-13 09:21:40', 'SOIL_MOISTURE', null, '60.546875', 'G4T3');
INSERT INTO measurement (id, timestamp, type, unit, value_s, sensor_station_name) VALUES (322, '2023-05-13 09:21:39', 'TEMPERATURE', null, '21.743877410888672', 'G4T3');
INSERT INTO measurement (id, timestamp, type, unit, value_s, sensor_station_name) VALUES (323, '2023-05-13 09:22:09', 'LIGHT_INTENSITY', null, '1001', 'G4T3');
INSERT INTO measurement (id, timestamp, type, unit, value_s, sensor_station_name) VALUES (324, '2023-05-13 09:22:10', 'HUMIDITY', null, '80.92285919189453', 'G4T3');
INSERT INTO measurement (id, timestamp, type, unit, value_s, sensor_station_name) VALUES (325, '2023-05-19 09:22:09', 'AIR_PRESSURE', null, '912.8200073242188', 'G4T3');
INSERT INTO measurement (id, timestamp, type, unit, value_s, sensor_station_name) VALUES (326, '2023-05-19 09:22:09', 'AIR_QUALITY', null, '92.0199966430664', 'G4T3');
INSERT INTO measurement (id, timestamp, type, unit, value_s, sensor_station_name) VALUES (327, '2023-05-19 09:22:09', 'SOIL_MOISTURE', null, '61.23046875', 'G4T3');
INSERT INTO measurement (id, timestamp, type, unit, value_s, sensor_station_name) VALUES (328, '2023-05-19 09:22:08', 'TEMPERATURE', null, '21.742929458618164', 'G4T3');
INSERT INTO measurement (id, timestamp, type, unit, value_s, sensor_station_name) VALUES (329, '2023-05-19 09:22:39', 'LIGHT_INTENSITY', null, '1013', 'G4T3');
INSERT INTO measurement (id, timestamp, type, unit, value_s, sensor_station_name) VALUES (330, '2023-05-19 09:22:40', 'HUMIDITY', null, '80.70694732666016', 'G4T3');
INSERT INTO measurement (id, timestamp, type, unit, value_s, sensor_station_name) VALUES (331, '2023-05-19 09:22:39', 'AIR_PRESSURE', null, '912.8099975585938', 'G4T4');
INSERT INTO measurement (id, timestamp, type, unit, value_s, sensor_station_name) VALUES (332, '2023-05-19 09:22:39', 'AIR_QUALITY', null, '93.96199798583984', 'G4T4');
INSERT INTO measurement (id, timestamp, type, unit, value_s, sensor_station_name) VALUES (333, '2023-05-19 09:22:39', 'SOIL_MOISTURE', null, '61.71875', 'G4T4');
INSERT INTO measurement (id, timestamp, type, unit, value_s, sensor_station_name) VALUES (334, '2023-05-19 09:22:38', 'TEMPERATURE', null, '21.743244171142578', 'G4T4');
INSERT INTO measurement (id, timestamp, type, unit, value_s, sensor_station_name) VALUES (335, '2023-05-19 09:23:09', 'LIGHT_INTENSITY', null, '981', 'G4T4');
INSERT INTO measurement (id, timestamp, type, unit, value_s, sensor_station_name) VALUES (336, '2023-05-19 09:23:10', 'HUMIDITY', null, '81.11756134033203', 'G4T4');
INSERT INTO measurement (id, timestamp, type, unit, value_s, sensor_station_name) VALUES (337, '2023-05-19 09:23:09', 'AIR_PRESSURE', null, '912.7999877929688', 'G4T4');
INSERT INTO measurement (id, timestamp, type, unit, value_s, sensor_station_name) VALUES (338, '2023-05-19 09:23:09', 'AIR_QUALITY', null, '94.11699676513672', 'G4T4');
INSERT INTO measurement (id, timestamp, type, unit, value_s, sensor_station_name) VALUES (339, '2023-05-19 09:23:09', 'SOIL_MOISTURE', null, '61.71875', 'G4T4');
INSERT INTO measurement (id, timestamp, type, unit, value_s, sensor_station_name) VALUES (340, '2023-05-19 09:23:08', 'TEMPERATURE', null, '21.743877410888672', 'G4T4');
INSERT INTO measurement (id, timestamp, type, unit, value_s, sensor_station_name) VALUES (341, '2023-05-19 09:23:39', 'LIGHT_INTENSITY', null, '989', 'G4T4');
INSERT INTO measurement (id, timestamp, type, unit, value_s, sensor_station_name) VALUES (342, '2023-05-19 09:23:40', 'HUMIDITY', null, '81.04532623291016', 'G4T4');
INSERT INTO measurement (id, timestamp, type, unit, value_s, sensor_station_name) VALUES (343, '2023-05-19 09:23:39', 'AIR_PRESSURE', null, '912.7999877929688', 'G4T4');
INSERT INTO measurement (id, timestamp, type, unit, value_s, sensor_station_name) VALUES (344, '2023-06-06 09:23:39', 'AIR_QUALITY', null, '94.22100067138672', 'G4T4');
INSERT INTO measurement (id, timestamp, type, unit, value_s, sensor_station_name) VALUES (345, '2023-06-06 09:23:39', 'SOIL_MOISTURE', null, '61.03515625', 'G4T4');
INSERT INTO measurement (id, timestamp, type, unit, value_s, sensor_station_name) VALUES (346, '2023-06-06 09:23:38', 'TEMPERATURE', null, '21.742929458618164', 'G4T4');
INSERT INTO measurement (id, timestamp, type, unit, value_s, sensor_station_name) VALUES (347, '2023-06-06 09:24:10', 'LIGHT_INTENSITY', null, '991', 'G4T4');
INSERT INTO measurement (id, timestamp, type, unit, value_s, sensor_station_name) VALUES (348, '2023-06-06 09:24:11', 'HUMIDITY', null, '80.63500213623047', 'G4T4');
INSERT INTO measurement (id, timestamp, type, unit, value_s, sensor_station_name) VALUES (349, '2023-06-06 09:24:10', 'AIR_PRESSURE', null, '912.780029296875', 'G4T4');
INSERT INTO measurement (id, timestamp, type, unit, value_s, sensor_station_name) VALUES (350, '2023-06-06 09:24:11', 'AIR_QUALITY', null, '94.27300262451172', 'G4T4');
INSERT INTO measurement (id, timestamp, type, unit, value_s, sensor_station_name) VALUES (351, '2023-06-06 09:24:10', 'SOIL_MOISTURE', null, '61.5234375', 'G4T4');
INSERT INTO measurement (id, timestamp, type, unit, value_s, sensor_station_name) VALUES (352, '2023-06-06 09:24:09', 'TEMPERATURE', null, '21.743244171142578', 'G4T3');
INSERT INTO measurement (id, timestamp, type, unit, value_s, sensor_station_name) VALUES (353, '2023-06-06 09:24:40', 'LIGHT_INTENSITY', null, '1001', 'G4T3');
INSERT INTO measurement (id, timestamp, type, unit, value_s, sensor_station_name) VALUES (354, '2023-06-06 09:24:41', 'HUMIDITY', null, '80.29725646972656', 'G4T3');
INSERT INTO measurement (id, timestamp, type, unit, value_s, sensor_station_name) VALUES (355, '2023-06-06 09:24:40', 'AIR_PRESSURE', null, '912.780029296875', 'G4T3');
INSERT INTO measurement (id, timestamp, type, unit, value_s, sensor_station_name) VALUES (356, '2023-06-06 09:24:41', 'AIR_QUALITY', null, '94.58699798583984', 'G4T3');
INSERT INTO measurement (id, timestamp, type, unit, value_s, sensor_station_name) VALUES (357, '2023-06-06 09:24:40', 'SOIL_MOISTURE', null, '62.40234375', 'G4T3');
INSERT INTO measurement (id, timestamp, type, unit, value_s, sensor_station_name) VALUES (358, '2023-06-06 09:24:39', 'TEMPERATURE', null, '21.743877410888672', 'G4T3');
INSERT INTO measurement (id, timestamp, type, unit, value_s, sensor_station_name) VALUES (359, '2023-06-06 09:25:10', 'LIGHT_INTENSITY', null, '1004', 'G4T3');
INSERT INTO measurement (id, timestamp, type, unit, value_s, sensor_station_name) VALUES (360, '2023-06-06 09:25:11', 'HUMIDITY', null, '80.27593231201172', 'G4T3');
INSERT INTO measurement (id, timestamp, type, unit, value_s, sensor_station_name) VALUES (361, '2023-06-06 09:25:11', 'AIR_PRESSURE', null, '912.77001953125', 'G4T3');
INSERT INTO measurement (id, timestamp, type, unit, value_s, sensor_station_name) VALUES (362, '2023-06-06 09:25:11', 'AIR_QUALITY', null, '94.48200225830078', 'G4T3');
INSERT INTO measurement (id, timestamp, type, unit, value_s, sensor_station_name) VALUES (363, '2023-06-06 09:25:11', 'SOIL_MOISTURE', null, '61.23046875', 'G4T3');
INSERT INTO measurement (id, timestamp, type, unit, value_s, sensor_station_name) VALUES (364, '2023-06-06 09:25:10', 'TEMPERATURE', null, '21.74514389038086', 'G4T1');
INSERT INTO measurement (id, timestamp, type, unit, value_s, sensor_station_name) VALUES (365, '2023-05-19 09:25:41', 'LIGHT_INTENSITY', null, '998', 'G4T1');
INSERT INTO measurement (id, timestamp, type, unit, value_s, sensor_station_name) VALUES (366, '2023-05-19 09:25:42', 'HUMIDITY', null, '80.85848999023438', 'G4T1');
INSERT INTO measurement (id, timestamp, type, unit, value_s, sensor_station_name) VALUES (367, '2023-05-19 09:25:41', 'AIR_PRESSURE', null, '912.77001953125', 'G4T1');
INSERT INTO measurement (id, timestamp, type, unit, value_s, sensor_station_name) VALUES (368, '2023-05-19 09:25:42', 'AIR_QUALITY', null, '94.58699798583984', 'G4T1');
INSERT INTO measurement (id, timestamp, type, unit, value_s, sensor_station_name) VALUES (369, '2023-05-19 09:25:41', 'SOIL_MOISTURE', null, '61.23046875', 'G4T1');
INSERT INTO measurement (id, timestamp, type, unit, value_s, sensor_station_name) VALUES (370, '2023-05-19 09:25:41', 'TEMPERATURE', null, '21.74546241760254', 'G4T1');
INSERT INTO measurement (id, timestamp, type, unit, value_s, sensor_station_name) VALUES (371, '2023-05-19 09:26:12', 'LIGHT_INTENSITY', null, '985', 'G4T1');
INSERT INTO measurement (id, timestamp, type, unit, value_s, sensor_station_name) VALUES (372, '2023-05-19 09:26:13', 'HUMIDITY', null, '80.62123107910156', 'G4T1');
INSERT INTO measurement (id, timestamp, type, unit, value_s, sensor_station_name) VALUES (373, '2023-05-19 09:26:12', 'AIR_PRESSURE', null, '912.75', 'G4T1');
INSERT INTO measurement (id, timestamp, type, unit, value_s, sensor_station_name) VALUES (374, '2023-05-19 09:26:13', 'AIR_QUALITY', null, '94.48200225830078', 'G4T1');
INSERT INTO measurement (id, timestamp, type, unit, value_s, sensor_station_name) VALUES (375, '2023-05-19 09:26:12', 'SOIL_MOISTURE', null, '60.44921875', 'G4T1');
INSERT INTO measurement (id, timestamp, type, unit, value_s, sensor_station_name) VALUES (376, '2023-05-19 09:26:12', 'TEMPERATURE', null, '21.746728897094727', 'G4T1');
INSERT INTO measurement (id, timestamp, type, unit, value_s, sensor_station_name) VALUES (377, '2023-05-19 09:26:43', 'LIGHT_INTENSITY', null, '997', 'G4T1');
INSERT INTO measurement (id, timestamp, type, unit, value_s, sensor_station_name) VALUES (378, '2023-05-19 09:26:44', 'HUMIDITY', null, '80.35551452636719', 'G4T1');
INSERT INTO measurement (id, timestamp, type, unit, value_s, sensor_station_name) VALUES (379, '2023-05-19 09:26:43', 'AIR_PRESSURE', null, '912.739990234375', 'G4T1');
INSERT INTO measurement (id, timestamp, type, unit, value_s, sensor_station_name) VALUES (380, '2023-05-19 09:26:43', 'AIR_QUALITY', null, '94.63899993896484', 'G4T1');
INSERT INTO measurement (id, timestamp, type, unit, value_s, sensor_station_name) VALUES (381, '2023-05-19 09:26:43', 'SOIL_MOISTURE', null, '60.7421875', 'G4T1');
INSERT INTO measurement (id, timestamp, type, unit, value_s, sensor_station_name) VALUES (382, '2023-05-19 09:26:42', 'TEMPERATURE', null, '21.748310089111328', 'G4T1');
INSERT INTO measurement (id, timestamp, type, unit, value_s, sensor_station_name) VALUES (383, '2023-05-19 09:27:15', 'LIGHT_INTENSITY', null, '991', 'G4T1');
INSERT INTO measurement (id, timestamp, type, unit, value_s, sensor_station_name) VALUES (384, '2023-05-19 09:27:16', 'HUMIDITY', null, '80.60723876953125', 'G4T1');
INSERT INTO measurement (id, timestamp, type, unit, value_s, sensor_station_name) VALUES (385, '2023-05-19 09:27:15', 'AIR_PRESSURE', null, '912.719970703125', 'G4T1');
INSERT INTO measurement (id, timestamp, type, unit, value_s, sensor_station_name) VALUES (386, '2023-05-19 09:27:16', 'AIR_QUALITY', null, '94.53399658203125', 'G4T1');
INSERT INTO measurement (id, timestamp, type, unit, value_s, sensor_station_name) VALUES (387, '2023-05-19 09:27:16', 'SOIL_MOISTURE', null, '61.62109375', 'G4T3');
INSERT INTO measurement (id, timestamp, type, unit, value_s, sensor_station_name) VALUES (388, '2023-05-19 09:27:15', 'TEMPERATURE', null, '21.748943328857422', 'G4T3');

INSERT INTO log (id, author, date, subject, text, time, type) VALUES (-21, 'admin', '2023-05-12', 'USER EDIT', 'EDITED USER: SHUser', '2023-05-12 01:58:40', 'SUCCESS');
INSERT INTO log (id, author, date, subject, text, time, type) VALUES (-22, 'admin', '2023-05-12', 'USER CREATION', 'CREATED USER: accessPointsaccount', '2023-05-12 01:59:32', 'SUCCESS');
INSERT INTO log (id, author, date, subject, text, time, type) VALUES (-23, 'FAAdmin', '2023-05-12', 'USER DELETION', 'DELETED USER: admin', '2023-05-12 02:12:24', 'SUCCESS');
INSERT INTO log (id, author, date, subject, text, time, type) VALUES (-26, 'YEAdmin', '2023-05-14', 'AP CREATION', 'CREATED AP: 1', '2023-05-14 16:49:58', 'SUCCESS');
INSERT INTO log (id, author, date, subject, text, time, type) VALUES (-27, 'YEAdmin', '2023-05-14', 'AP DELETION', 'DELETED AP: 1', '2023-05-14 16:50:32', 'SUCCESS');
INSERT INTO log (id, author, date, subject, text, time, type) VALUES (-28, 'YEAdmin', '2023-05-14', 'AP CREATION', 'CREATED AP: 2', '2023-05-14 16:55:37', 'SUCCESS');
INSERT INTO log (id, author, date, subject, text, time, type) VALUES (-29, 'YEAdmin', '2023-05-14', 'AP DELETION', 'DELETED AP: 2', '2023-05-14 16:55:43', 'SUCCESS');
INSERT INTO log (id, author, date, subject, text, time, type) VALUES (-30, 'YEAdmin', '2023-05-14', 'USER CREATION', 'CREATED USER: Bhobo', '2023-05-14 17:20:52', 'SUCCESS');
INSERT INTO log (id, author, date, subject, text, time, type) VALUES (-31, 'YEAdmin', '2023-05-14', 'USER EDIT', 'EDITED USER: Bhobo', '2023-05-14 17:35:46', 'SUCCESS');
INSERT INTO log (id, author, date, subject, text, time, type) VALUES (-32, 'YEAdmin', '2023-05-14', 'USER DELETION', 'DELETED USER: Bhobo', '2023-05-14 17:35:58', 'SUCCESS');
INSERT INTO log (id, author, date, subject, text, time, type) VALUES (-52, 'YEGardener', '2023-05-17', 'USER EDIT', 'EDITED USER: YEGardener', '2023-05-17 04:43:12', 'SUCCESS');
INSERT INTO log (id, author, date, subject, text, time, type) VALUES (-53, 'YEGardener', '2023-05-17', 'USER EDIT', 'EDITED USER: YEUser', '2023-05-17 04:43:24', 'SUCCESS');
INSERT INTO log (id, author, date, subject, text, time, type) VALUES (-54, 'YEGardener', '2023-05-17', 'USER EDIT', 'EDITED USER: YEG', '2023-05-17 05:52:24', 'SUCCESS');
INSERT INTO log (id, author, date, subject, text, time, type) VALUES (-55, 'YEGardener', '2023-05-17', 'USER EDIT', 'EDITED USER: YEG', '2023-05-17 05:52:46', 'SUCCESS');
INSERT INTO log (id, author, date, subject, text, time, type) VALUES (-56, 'YEAdmin', '2023-05-17', 'USER DELETION', 'DELETED USER: YEG', '2023-05-17 05:54:01', 'SUCCESS');
INSERT INTO log (id, author, date, subject, text, time, type) VALUES (-57, 'YEUser', '2023-05-17', 'USER EDIT', 'EDITED USER: YEU', '2023-05-17 05:54:23', 'SUCCESS');
INSERT INTO log (id, author, date, subject, text, time, type) VALUES (-58, 'YEAdmin', '2023-05-17', 'USER DELETION', 'DELETED USER: YEU', '2023-05-17 05:55:01', 'SUCCESS');
INSERT INTO log (id, author, date, subject, text, time, type) VALUES (-59, 'YEAdmin', '2023-05-17', 'USER EDIT', 'EDITED USER: YEUser', '2023-05-17 06:13:26', 'SUCCESS');
INSERT INTO log (id, author, date, subject, text, time, type) VALUES (-60, 'YEAdmin', '2023-05-17', 'USER EDIT', 'EDITED USER: YEGardener', '2023-05-17 06:13:38', 'SUCCESS');
INSERT INTO log (id, author, date, subject, text, time, type) VALUES (-61, 'YEAdmin', '2023-05-17', 'USER EDIT', 'EDITED USER: YEAdmin', '2023-05-17 06:13:46', 'SUCCESS');
INSERT INTO log (id, author, date, subject, text, time, type) VALUES (-62, 'YEAdmin', '2023-05-17', 'USER EDIT', 'EDITED USER: YEAdmin', '2023-05-17 06:14:00', 'SUCCESS');
INSERT INTO log (id, author, date, subject, text, time, type) VALUES (-63, 'YEAdmin', '2023-05-17', 'USER EDIT', 'EDITED USER: YEGardener', '2023-05-17 06:14:11', 'SUCCESS');
INSERT INTO log (id, author, date, subject, text, time, type) VALUES (-64, 'YEAdmin', '2023-05-17', 'USER EDIT', 'EDITED USER: YEUser', '2023-05-17 06:14:35', 'SUCCESS');
INSERT INTO log (id, author, date, subject, text, time, type) VALUES (-65, 'YEAdmin', '2023-05-17', 'USER EDIT', 'EDITED USER: YEUser', '2023-05-17 06:14:50', 'SUCCESS');
INSERT INTO log (id, author, date, subject, text, time, type) VALUES (-66, 'YEAdmin', '2023-05-17', 'USER EDIT', 'EDITED USER: YEGardener', '2023-05-17 06:15:03', 'SUCCESS');
INSERT INTO log (id, author, date, subject, text, time, type) VALUES (-67, 'YEAdmin', '2023-05-17', 'USER EDIT', 'EDITED USER: YEAdmin', '2023-05-17 06:15:15', 'SUCCESS');
INSERT INTO log (id, author, date, subject, text, time, type) VALUES (-68, 'YEAdmin', '2023-05-17', 'USER CREATION FAILED', 'ENTERED USERNAME ALREADY TAKEN: YEUser', '2023-05-17 06:18:41', 'WARNING');
INSERT INTO log (id, author, date, subject, text, time, type) VALUES (-69, 'YEAdmin', '2023-05-17', 'USER CREATION FAILED', 'ENTERED USERNAME ALREADY TAKEN: YEUser', '2023-05-17 06:19:37', 'WARNING');
INSERT INTO log (id, author, date, subject, text, time, type) VALUES (-70, 'YEAdmin', '2023-05-17', 'USER CREATION FAILED', 'ENTERED USERNAME ALREADY TAKEN: YEUser', '2023-05-17 06:19:51', 'WARNING');
INSERT INTO log (id, author, date, subject, text, time, type) VALUES (-71, 'YEAdmin', '2023-05-17', 'USER EDIT', 'EDITED USER: YEUser', '2023-05-17 06:23:40', 'SUCCESS');
INSERT INTO log (id, author, date, subject, text, time, type) VALUES (-72, 'YEAdmin', '2023-05-17', 'USER EDIT', 'EDITED USER: YEAdmin', '2023-05-17 06:23:59', 'SUCCESS');
INSERT INTO log (id, author, date, subject, text, time, type) VALUES (-73, 'YEAdmin', '2023-05-17', 'USER EDIT', 'EDITED USER: YEAdmin', '2023-05-17 06:24:24', 'SUCCESS');
INSERT INTO log (id, author, date, subject, text, time, type) VALUES (-74, 'SHAdmin', '2023-05-17', 'USER EDIT', 'EDITED USER: YEAdmin', '2023-05-17 06:25:21', 'SUCCESS');
INSERT INTO log (id, author, date, subject, text, time, type) VALUES (-81, 'YEAdmin', '2023-05-17', 'AP CREATION', 'CREATED AP: 52', '2023-05-17 06:52:56', 'SUCCESS');
INSERT INTO log (id, author, date, subject, text, time, type) VALUES (-82, 'YEAdmin', '2023-05-17', 'AP DELETION', 'DELETED AP: 52', '2023-05-17 06:53:13', 'SUCCESS');
INSERT INTO log (id, author, date, subject, text, time, type) VALUES (-83, 'YEAdmin', '2023-05-17', 'AP CREATION', 'CREATED AP: 53', '2023-05-17 06:53:18', 'SUCCESS');
INSERT INTO log (id, author, date, subject, text, time, type) VALUES (-84, 'YEAdmin', '2023-05-17', 'AP DELETION', 'DELETED AP: 53', '2023-05-17 06:59:28', 'SUCCESS');
INSERT INTO log (id, author, date, subject, text, time, type) VALUES (-85, 'YEAdmin', '2023-05-17', 'USER DELETION', 'DELETED USER: assa', '2023-05-17 07:48:07', 'SUCCESS');
INSERT INTO log (id, author, date, subject, text, time, type) VALUES (-86, 'usertest', '2023-05-17', 'USER EDIT', 'EDITED USER: usertest', '2023-05-17 07:48:46', 'SUCCESS');
INSERT INTO log (id, author, date, subject, text, time, type) VALUES (-87, 'usertest', '2023-05-17', 'USER EDIT', 'EDITED USER: usertest', '2023-05-17 07:49:00', 'SUCCESS');
INSERT INTO log (id, author, date, subject, text, time, type) VALUES (-88, 'usertest1', '2023-05-17', 'USER EDIT', 'EDITED USER: usertest1', '2023-05-17 07:50:45', 'SUCCESS');
INSERT INTO log (id, author, date, subject, text, time, type) VALUES (-89, 'YEAdmin', '2023-05-17', 'USER DELETION', 'DELETED USER: usertest', '2023-05-17 07:51:07', 'SUCCESS');
INSERT INTO log (id, author, date, subject, text, time, type) VALUES (-90, 'YEAdmin', '2023-05-17', 'USER DELETION', 'DELETED USER: usertest1', '2023-05-17 07:51:14', 'SUCCESS');
INSERT INTO log (id, author, date, subject, text, time, type) VALUES (-91, 'YEAdmin', '2023-05-17', 'USER DELETION', 'DELETED USER: test1', '2023-04-17 07:54:56', 'SUCCESS');
INSERT INTO log (id, author, date, subject, text, time, type) VALUES (-92, 'YEAdmin', '2023-05-17', 'USER DELETION', 'DELETED USER: Test', '2023-04-17 08:17:07', 'SUCCESS');
INSERT INTO log (id, author, date, subject, text, time, type) VALUES (-93, 'SHAdmin', '2023-05-17', 'USER CREATION', 'CREATED USER: testing', '2023-04-17 09:01:09', 'SUCCESS');
INSERT INTO log (id, author, date, subject, text, time, type) VALUES (-94, 'SHAdmin', '2023-05-17', 'USER DELETION', 'DELETED USER: testing', '2023-04-17 09:01:15', 'SUCCESS');
INSERT INTO log (id, author, date, subject, text, time, type) VALUES (-96, 'YEAdmin', '2023-05-17', 'AP CREATION', 'CREATED AP: 54', '2023-05-17 12:16:07', 'SUCCESS');
INSERT INTO log (id, author, date, subject, text, time, type) VALUES (-97, 'YEAdmin', '2023-05-17', 'AP DELETION', 'DELETED AP: 54', '2023-05-17 12:16:11', 'SUCCESS');
INSERT INTO log (id, author, date, subject, text, time, type) VALUES (-98, 'YEAdmin', '2023-05-17', 'USER DELETION', 'DELETED USER: testing', '2023-04-17 12:37:17', 'SUCCESS');
INSERT INTO log (id, author, date, subject, text, time, type) VALUES (-102, 'FAAdmin', '2023-05-17', 'USER CREATION', 'CREATED USER: Strelock', '2023-05-17 13:11:34', 'SUCCESS');
INSERT INTO log (id, author, date, subject, text, time, type) VALUES (-103, 'FAAdmin', '2023-05-17', 'USER CREATION', 'CREATED USER: Strelok', '2023-04-17 13:13:28', 'SUCCESS');
INSERT INTO log (id, author, date, subject, text, time, type) VALUES (-104, 'FAAdmin', '2023-05-17', 'USER DELETION', 'DELETED USER: Strelock', '2023-05-17 13:13:34', 'SUCCESS');
INSERT INTO log (id, author, date, subject, text, time, type) VALUES (-105, 'FAAdmin', '2023-05-17', 'USER CREATION', 'CREATED USER: UserTesterAccount1', '2023-05-17 13:32:53', 'SUCCESS');
INSERT INTO log (id, author, date, subject, text, time, type) VALUES (-106, 'FAAdmin', '2023-05-17', 'USER EDIT', 'EDITED USER: UserTesterAccount1', '2023-04-24 13:33:24', 'SUCCESS');
INSERT INTO log (id, author, date, subject, text, time, type) VALUES (-107, 'FAAdmin', '2023-05-17', 'USER CREATION', 'CREATED USER: GardenerTesterAccount1', '2023-05-17 13:33:54', 'SUCCESS');
INSERT INTO log (id, author, date, subject, text, time, type) VALUES (-108, 'FAAdmin', '2023-05-17', 'USER CREATION', 'CREATED USER: GardenerTesterAccount2', '2023-05-17 13:37:43', 'SUCCESS');
INSERT INTO log (id, author, date, subject, text, time, type) VALUES (-109, 'FAAdmin', '2023-05-17', 'USER CREATION', 'CREATED USER: UserTesterAccount2', '2023-05-17 13:37:55', 'SUCCESS');
INSERT INTO log (id, author, date, subject, text, time, type) VALUES (-110, 'FAAdmin', '2023-05-17', 'USER EDIT', 'EDITED USER: UserTesterAccount2', '2023-05-17 13:38:04', 'SUCCESS');
INSERT INTO log (id, author, date, subject, text, time, type) VALUES (-111, 'FAAdmin', '2023-05-17', 'USER EDIT', 'EDITED USER: GardenerTesterAccount1', '2023-05-17 13:38:17', 'SUCCESS');
INSERT INTO log (id, author, date, subject, text, time, type) VALUES (-112, 'FAAdmin', '2023-05-17', 'USER EDIT', 'EDITED USER: GardenerTesterAccount2', '2023-05-17 13:38:21', 'SUCCESS');
INSERT INTO log (id, author, date, subject, text, time, type) VALUES (-113, 'FAAdmin', '2023-05-17', 'USER EDIT', 'EDITED USER: UserTesterAccount2', '2023-05-17 13:47:10', 'SUCCESS');
INSERT INTO log (id, author, date, subject, text, time, type) VALUES (-114, 'FAAdmin', '2023-05-17', 'USER CREATION', 'CREATED USER: UserTesterAccount3', '2023-05-17 13:47:35', 'SUCCESS');
INSERT INTO log (id, author, date, subject, text, time, type) VALUES (-115, 'FAAdmin', '2023-05-17', 'USER CREATION', 'CREATED USER: GardenerTesterAccount3', '2023-05-17 13:47:53', 'SUCCESS');
INSERT INTO log (id, author, date, subject, text, time, type) VALUES (-116, 'FAAdmin', '2023-05-17', 'USER EDIT', 'EDITED USER: GardenerTesterAccount3', '2023-05-17 13:47:57', 'SUCCESS');
INSERT INTO log (id, author, date, subject, text, time, type) VALUES (-117, 'FAAdmin', '2023-05-17', 'USER EDIT', 'EDITED USER: UserTesterAccount3', '2023-05-17 13:48:04', 'SUCCESS');
INSERT INTO log (id, author, date, subject, text, time, type) VALUES (-118, 'SHAdmin', '2023-05-17', 'USER CREATION', 'CREATED USER: test', '2023-05-17 13:54:59', 'SUCCESS');
INSERT INTO log (id, author, date, subject, text, time, type) VALUES (-119, 'SHAdmin', '2023-05-17', 'USER CREATION', 'CREATED USER: testbacontest', '2023-05-17 13:56:37', 'SUCCESS');
INSERT INTO log (id, author, date, subject, text, time, type) VALUES (-120, 'SHAdmin', '2023-05-17', 'USER CREATION', 'CREATED USER: testbacontest2', '2023-05-17 13:56:54', 'SUCCESS');
INSERT INTO log (id, author, date, subject, text, time, type) VALUES (-121, 'SHAdmin', '2023-05-17', 'USER CREATION', 'CREATED USER: testbacontest3', '2023-05-17 13:57:34', 'SUCCESS');
INSERT INTO log (id, author, date, subject, text, time, type) VALUES (-122, 'SHAdmin', '2023-05-17', 'USER DELETION', 'DELETED USER: testbacontest3', '2023-05-17 13:57:41', 'SUCCESS');
INSERT INTO log (id, author, date, subject, text, time, type) VALUES (-123, 'SHAdmin', '2023-05-17', 'USER DELETION', 'DELETED USER: testbacontest', '2023-05-17 13:57:48', 'SUCCESS');
INSERT INTO log (id, author, date, subject, text, time, type) VALUES (-124, 'SHAdmin', '2023-05-17', 'USER DELETION', 'DELETED USER: testbacontest2', '2023-05-17 13:57:53', 'SUCCESS');
INSERT INTO log (id, author, date, subject, text, time, type) VALUES (-125, 'SHAdmin', '2023-05-17', 'USER DELETION', 'DELETED USER: test', '2023-05-17 13:58:02', 'SUCCESS');
INSERT INTO log (id, author, date, subject, text, time, type) VALUES (-126, 'UserTesterAccount2', '2023-05-17', 'USER EDIT', 'EDITED USER: UserTesterAccount2', '2023-05-17 14:45:27', 'SUCCESS');
INSERT INTO log (id, author, date, subject, text, time, type) VALUES (-152, 'YEAdmin', '2023-05-18', 'SENSOR STATION CREATION', 'CREATED SENSOR STATION: saasasasas', '2023-05-18 06:04:53', 'SUCCESS');
INSERT INTO log (id, author, date, subject, text, time, type) VALUES (-153, 'YEAdmin', '2023-05-18', 'SENSOR STATION DELETION', 'DELETED SENSOR STATION: saasasasas', '2023-05-18 06:08:21', 'SUCCESS');
INSERT INTO log (id, author, date, subject, text, time, type) VALUES (-154, 'YEAdmin', '2023-05-18', 'USER CREATION', 'CREATED USER: aaaaa', '2023-05-18 06:20:45', 'SUCCESS');
INSERT INTO log (id, author, date, subject, text, time, type) VALUES (-155, 'YEAdmin', '2023-05-18', 'USER DELETION', 'DELETED USER: aaaaa', '2023-05-18 06:21:13', 'SUCCESS');
INSERT INTO log (id, author, date, subject, text, time, type) VALUES (-156, 'YEAdmin', '2023-05-18', 'USER CREATION', 'CREATED USER: aaaaa', '2023-05-18 06:21:34', 'SUCCESS');
INSERT INTO log (id, author, date, subject, text, time, type) VALUES (-157, 'YEAdmin', '2023-05-18', 'USER DELETION', 'DELETED USER: aaaaa', '2023-05-18 06:22:04', 'SUCCESS');
INSERT INTO log (id, author, date, subject, text, time, type) VALUES (-158, 'YEAdmin', '2023-05-18', 'AP CREATION', 'CREATED AP: 102', '2023-05-18 06:44:29', 'SUCCESS');
INSERT INTO log (id, author, date, subject, text, time, type) VALUES (-159, 'YEAdmin', '2023-05-18', 'SENSOR STATION CREATION', 'CREATED SENSOR STATION: stefan', '2023-05-18 06:57:11', 'SUCCESS');
INSERT INTO log (id, author, date, subject, text, time, type) VALUES (-160, 'YEAdmin', '2023-05-18', 'SENSOR STATION DELETION', 'DELETED SENSOR STATION: stefan', '2023-05-18 07:46:37', 'SUCCESS');
INSERT INTO log (id, author, date, subject, text, time, type) VALUES (-161, 'SHAdmin', '2023-05-18', 'SENSOR STATION CREATION', 'CREATED SENSOR STATION: stefan', '2023-05-18 08:03:56', 'SUCCESS');
INSERT INTO log (id, author, date, subject, text, time, type) VALUES (-162, 'YEAdmin', '2023-05-18', 'USER CREATION', 'CREATED USER: abc', '2023-05-18 08:04:04', 'SUCCESS');
INSERT INTO log (id, author, date, subject, text, time, type) VALUES (-163, 'YEAdmin', '2023-05-18', 'USER DELETION', 'DELETED USER: abc', '2023-05-18 08:04:51', 'SUCCESS');
INSERT INTO log (id, author, date, subject, text, time, type) VALUES (-202, 'FAAdmin', '2023-05-18', 'AP CREATION', 'CREATED AP: 152', '2023-05-18 08:51:03', 'SUCCESS');
INSERT INTO log (id, author, date, subject, text, time, type) VALUES (-252, 'FAAdmin', '2023-05-18', 'AP CREATION', 'CREATED AP: 202', '2023-05-18 08:57:12', 'SUCCESS');
INSERT INTO log (id, author, date, subject, text, time, type) VALUES (-253, 'FAAdmin', '2023-05-18', 'AP CREATION', 'CREATED AP: 203', '2023-05-18 08:57:20', 'SUCCESS');
INSERT INTO log (id, author, date, subject, text, time, type) VALUES (-302, 'FAAdmin', '2023-05-18', 'USER CREATION', 'CREATED USER: admin', '2023-05-18 09:27:38', 'SUCCESS');
INSERT INTO log (id, author, date, subject, text, time, type) VALUES (-303, 'FAAdmin', '2023-05-18', 'SENSOR STATION CREATION', 'CREATED SENSOR STATION: asdasda', '2023-05-18 09:45:21', 'SUCCESS');
INSERT INTO log (id, author, date, subject, text, time, type) VALUES (-352, 'FAAdmin', '2023-05-18', 'AP CREATION', 'CREATED AP: 252', '2023-05-18 10:55:41', 'SUCCESS');
INSERT INTO log (id, author, date, subject, text, time, type) VALUES (-402, 'FAAdmin', '2023-05-18', 'USER CREATION', 'CREATED USER: asdasdasd', '2023-05-18 21:02:08', 'SUCCESS');
INSERT INTO log (id, author, date, subject, text, time, type) VALUES (-452, 'SHAdmin', '2023-05-19', 'AP VALIDATED', 'VALIDATED AP: 102', '2023-05-19 08:00:41', 'SUCCESS');
INSERT INTO log (id, author, date, subject, text, time, type) VALUES (-453, 'SHAdmin', '2023-05-19', 'SENSOR STATION CREATION', 'CREATED SENSOR STATION: G4T3', '2023-05-19 08:03:35', 'SUCCESS');
INSERT INTO log (id, author, date, subject, text, time, type) VALUES (-454, 'SHAdmin', '2023-05-19', 'SENSOR STATION PAIRED', 'SENSOR STATION PAIRED: G4T3', '2023-05-19 08:05:21', 'SUCCESS');
INSERT INTO log (id, author, date, subject, text, time, type) VALUES (-455, 'SHAdmin', '2023-05-19', 'SENSOR CREATED', 'SENSOR CREATED: 4', '2023-05-19 08:19:24', 'SUCCESS');
INSERT INTO log (id, author, date, subject, text, time, type) VALUES (-456, 'FAAdmin', '2023-05-19', 'PLANT CREATION', 'PLANT CREATED: 253', '2023-05-19 08:20:02', 'SUCCESS');
INSERT INTO log (id, author, date, subject, text, time, type) VALUES (-502, 'SHAdmin', '2023-05-19', 'USER CREATION', 'CREATED USER: AdminTesterAccount', '2023-05-19 08:27:41', 'SUCCESS');
INSERT INTO log (id, author, date, subject, text, time, type) VALUES (-503, 'SHAdmin', '2023-05-19', 'SENSOR CREATED', 'SENSOR CREATED: 4', '2023-05-19 08:28:14', 'SUCCESS');
INSERT INTO log (id, author, date, subject, text, time, type) VALUES (-504, 'SHAdmin', '2023-05-19', 'SENSOR CREATED', 'SENSOR CREATED: 4', '2023-05-19 08:54:37', 'SUCCESS');
