
-- $2y$10$P7im4OMw6hsnPWLpJ1nVKup1jlEFsLIek9D3lglmZv.Tq05GDEhMS -> passwd
INSERT INTO USERX (ENABLED, FIRST_NAME, LAST_NAME, PASSWORD, USERNAME, CREATE_USER_USERNAME, CREATE_DATE) VALUES(TRUE, 'Admin', 'Istrator', '$2a$10$Bm27OvKm5FENObph7xPfnO2L1mbKyjpG3LdeixGrJV0xC7TgcFGX2', 'admin', 'admin', '2016-01-01')
INSERT INTO USERX_USER_ROLE (USERX_USERNAME, ROLES) VALUES ('admin', 'ADMIN')
INSERT INTO USERX_USER_ROLE (USERX_USERNAME, ROLES) VALUES ('admin', 'GARDENER')
INSERT INTO USERX (ENABLED, FIRST_NAME, LAST_NAME, PASSWORD, USERNAME, CREATE_USER_USERNAME, CREATE_DATE) VALUES(TRUE, 'Susi', 'Kaufgern', '$2a$10$Bm27OvKm5FENObph7xPfnO2L1mbKyjpG3LdeixGrJV0xC7TgcFGX2', 'user1', 'admin', '2016-01-01')
INSERT INTO USERX_USER_ROLE (USERX_USERNAME, ROLES) VALUES ('user1', 'USER')
INSERT INTO USERX_USER_ROLE (USERX_USERNAME, ROLES) VALUES ('user1', 'GARDENER')
INSERT INTO USERX (ENABLED, FIRST_NAME, LAST_NAME, PASSWORD, USERNAME, CREATE_USER_USERNAME, CREATE_DATE) VALUES(TRUE, 'Max', 'Mustermann', '$2a$10$Bm27OvKm5FENObph7xPfnO2L1mbKyjpG3LdeixGrJV0xC7TgcFGX2', 'user2', 'admin', '2016-01-01')
INSERT INTO USERX_USER_ROLE (USERX_USERNAME, ROLES) VALUES ('user2', 'USER')
INSERT INTO USERX (ENABLED, FIRST_NAME, LAST_NAME, PASSWORD, USERNAME, CREATE_USER_USERNAME, CREATE_DATE) VALUES(TRUE, 'Elvis', 'The King', '$2a$10$Bm27OvKm5FENObph7xPfnO2L1mbKyjpG3LdeixGrJV0xC7TgcFGX2', 'elvis', 'elvis', '2016-01-01')
INSERT INTO USERX_USER_ROLE (USERX_USERNAME, ROLES) VALUES ('elvis', 'ADMIN')


INSERT INTO PLANT(PLANTID, PLANT_NAME, CREATE_DATE,UPDATE_DATE) VALUES(0, 'Atomic Northern Lights','2022-01-01','2022-01-01')
INSERT INTO PLANT(PLANTID, PLANT_NAME, CREATE_DATE,UPDATE_DATE) VALUES(1, 'Charlotte''s Web','2022-01-01','2022-01-01')
INSERT INTO PLANT(PLANTID, PLANT_NAME, CREATE_DATE,UPDATE_DATE) VALUES(2, 'Alpine Rocket', '2022-01-04','2022-05-01')
INSERT INTO PLANT(PLANTID, PLANT_NAME, CREATE_DATE,UPDATE_DATE) VALUES(3, 'Blue Dream', '2022-01-02','2022-01-01')
INSERT INTO PLANT(PLANTID, PLANT_NAME, CREATE_DATE,UPDATE_DATE) VALUES(4, 'Sour Diesel', '2022-01-01','2022-03-01')


INSERT INTO SENSOR_STATION(SENSOR_STATIONID, CREATE_DATE, UPDATE_DATE, LOCATION, PLANT_PLANTID) VALUES(1,'2022-01-01','2022-01-05','Room1',0)
INSERT INTO SENSOR_STATION(SENSOR_STATIONID, CREATE_DATE, UPDATE_DATE, LOCATION, PLANT_PLANTID) VALUES(2,'2022-01-01','2022-02-05','Room2',1)
INSERT INTO SENSOR_STATION(SENSOR_STATIONID, CREATE_DATE, UPDATE_DATE, LOCATION, PLANT_PLANTID) VALUES(3,'2022-01-01','2022-02-01','Room3',2)
INSERT INTO SENSOR_STATION(SENSOR_STATIONID, CREATE_DATE, UPDATE_DATE, LOCATION) VALUES(4,'2022-03-01','2022-02-01','Room4')
INSERT INTO SENSOR_STATION(SENSOR_STATIONID, CREATE_DATE, UPDATE_DATE, LOCATION) VALUES(5,'2022-03-01','2022-06-01','Room5')
INSERT INTO SENSOR_STATION(SENSOR_STATIONID, CREATE_DATE, UPDATE_DATE, LOCATION) VALUES(6,'2022-03-01','2022-05-01','Room6')
INSERT INTO SENSOR_STATION(SENSOR_STATIONID, CREATE_DATE, UPDATE_DATE, LOCATION) VALUES(7,'2022-01-02','2022-04-01','Room7')
INSERT INTO SENSOR_STATION(SENSOR_STATIONID, CREATE_DATE, UPDATE_DATE, LOCATION) VALUES(8,'2022-01-02','2022-03-05','Room8')
INSERT INTO SENSOR_STATION(SENSOR_STATIONID, CREATE_DATE, UPDATE_DATE, LOCATION) VALUES(9,'2022-01-02','2022-02-05','Room9')


INSERT INTO LOG(ID, DATE, TEXT) VALUES(1,'2022-01-02','HKÖJKLÖKLJÖVGJTGDJDJFGJ')
INSERT INTO LOG(ID, DATE, TEXT) VALUES(2,'2022-01-03','HKÖJKLÖKLJÖVGJTGDJDJFGJ')
INSERT INTO LOG(ID, DATE, TEXT) VALUES(3,'2022-01-04','HKÖJKLÖKLJÖVGJTGDJDJFGJ')
INSERT INTO LOG(ID, DATE, TEXT) VALUES(4,'2022-01-05','HKÖJKLÖKLJÖVGJTGDJDJFGJ')


INSERT INTO MEASUREMENT(ID ,TIMESTAMP,TYPE,UNIT,VALUE_S,PLANT_ID,SENSOR_STATION_ID) VALUES(1,'2022-02-02','HUMIDITY','%','36',1,1)
INSERT INTO MEASUREMENT(ID ,TIMESTAMP,TYPE,UNIT,VALUE_S,PLANT_ID,SENSOR_STATION_ID) VALUES(2,'2022-02-03','HUMIDITY','%','20',1,1)
INSERT INTO MEASUREMENT(ID ,TIMESTAMP,TYPE,UNIT,VALUE_S,PLANT_ID,SENSOR_STATION_ID) VALUES(3,'2022-02-04','HUMIDITY','%','50',1,1)
INSERT INTO MEASUREMENT(ID ,TIMESTAMP,TYPE,UNIT,VALUE_S,PLANT_ID,SENSOR_STATION_ID) VALUES(4,'2022-02-05','HUMIDITY','%','40',1,1)
INSERT INTO MEASUREMENT(ID ,TIMESTAMP,TYPE,UNIT,VALUE_S,PLANT_ID,SENSOR_STATION_ID) VALUES(5,'2022-02-04','HUMIDITY','%','50',1,1)
INSERT INTO MEASUREMENT(ID ,TIMESTAMP,TYPE,UNIT,VALUE_S,PLANT_ID,SENSOR_STATION_ID) VALUES(6,'2022-02-05','HUMIDITY','%','40',1,1)
INSERT INTO MEASUREMENT(ID ,TIMESTAMP,TYPE,UNIT,VALUE_S,PLANT_ID,SENSOR_STATION_ID) VALUES(7,'2022-02-02','TEMPERATURE','C','22',1,1)
INSERT INTO MEASUREMENT(ID ,TIMESTAMP,TYPE,UNIT,VALUE_S,PLANT_ID,SENSOR_STATION_ID) VALUES(8,'2022-02-02','TEMPERATURE','C','24',1,1)
INSERT INTO MEASUREMENT(ID ,TIMESTAMP,TYPE,UNIT,VALUE_S,PLANT_ID,SENSOR_STATION_ID) VALUES(9,'2022-02-02','TEMPERATURE','C','21',1,1)
INSERT INTO MEASUREMENT(ID ,TIMESTAMP,TYPE,UNIT,VALUE_S,PLANT_ID,SENSOR_STATION_ID) VALUES(10,'2022-02-02','TEMPERATURE','C','24',1,1)
INSERT INTO MEASUREMENT(ID ,TIMESTAMP,TYPE,UNIT,VALUE_S,PLANT_ID,SENSOR_STATION_ID) VALUES(11,'2022-02-02','TEMPERATURE','C','29',1,1)
INSERT INTO MEASUREMENT(ID ,TIMESTAMP,TYPE,UNIT,VALUE_S,PLANT_ID,SENSOR_STATION_ID) VALUES(12,'2022-02-02','SOIL_MOISTURE','%','12',1,1)
INSERT INTO MEASUREMENT(ID ,TIMESTAMP,TYPE,UNIT,VALUE_S,PLANT_ID,SENSOR_STATION_ID) VALUES(13,'2022-02-02','SOIL_MOISTURE','%','24',1,1)
INSERT INTO MEASUREMENT(ID ,TIMESTAMP,TYPE,UNIT,VALUE_S,PLANT_ID,SENSOR_STATION_ID) VALUES(14,'2022-02-02','SOIL_MOISTURE','%','46',1,1)
INSERT INTO MEASUREMENT(ID ,TIMESTAMP,TYPE,UNIT,VALUE_S,PLANT_ID,SENSOR_STATION_ID) VALUES(15,'2022-01-23','SOIL_MOISTURE','%','68',1,1)
INSERT INTO MEASUREMENT(ID ,TIMESTAMP,TYPE,UNIT,VALUE_S,PLANT_ID,SENSOR_STATION_ID) VALUES(16,'2022-01-22','SOIL_MOISTURE','%','47',1,1)
INSERT INTO MEASUREMENT(ID ,TIMESTAMP,TYPE,UNIT,VALUE_S,PLANT_ID,SENSOR_STATION_ID) VALUES(17,'2022-01-21','SOIL_MOISTURE','%','34',1,1)
INSERT INTO MEASUREMENT(ID ,TIMESTAMP,TYPE,UNIT,VALUE_S,PLANT_ID,SENSOR_STATION_ID) VALUES(18,'2022-01-20','LIGHT_INTENSITY','lux','2000',1,1)
INSERT INTO MEASUREMENT(ID ,TIMESTAMP,TYPE,UNIT,VALUE_S,PLANT_ID,SENSOR_STATION_ID) VALUES(29,'2022-01-19','LIGHT_INTENSITY','lux','1200',1,1)
INSERT INTO MEASUREMENT(ID ,TIMESTAMP,TYPE,UNIT,VALUE_S,PLANT_ID,SENSOR_STATION_ID) VALUES(30,'2022-01-18','LIGHT_INTENSITY','lux','900',1,1)
INSERT INTO MEASUREMENT(ID ,TIMESTAMP,TYPE,UNIT,VALUE_S,PLANT_ID,SENSOR_STATION_ID) VALUES(19,'2022-01-17','AIR_QUALITY','Assessment','350',1,1)



INSERT INTO MEASUREMENT(ID ,TIMESTAMP,TYPE,UNIT,VALUE_S,PLANT_ID,SENSOR_STATION_ID) VALUES(20,'2022-01-02','HUMIDITY','%','10',2,2)
INSERT INTO MEASUREMENT(ID ,TIMESTAMP,TYPE,UNIT,VALUE_S,PLANT_ID,SENSOR_STATION_ID) VALUES(21,'2022-01-03','TEMPERATURE','C','24',2,2)
INSERT INTO MEASUREMENT(ID ,TIMESTAMP,TYPE,UNIT,VALUE_S,PLANT_ID,SENSOR_STATION_ID) VALUES(22,'2022-01-04','TEMPERATURE','C','23',2,2)
INSERT INTO MEASUREMENT(ID ,TIMESTAMP,TYPE,UNIT,VALUE_S,PLANT_ID,SENSOR_STATION_ID) VALUES(23,'2022-01-05','TEMPERATURE','C','34',2,2)
INSERT INTO MEASUREMENT(ID ,TIMESTAMP,TYPE,UNIT,VALUE_S,PLANT_ID,SENSOR_STATION_ID) VALUES(24,'2022-01-06','TEMPERATURE','C','22',2,2)
INSERT INTO MEASUREMENT(ID ,TIMESTAMP,TYPE,UNIT,VALUE_S,PLANT_ID,SENSOR_STATION_ID) VALUES(25,'2022-01-07','TEMPERATURE','C','11',2,2)
INSERT INTO MEASUREMENT(ID ,TIMESTAMP,TYPE,UNIT,VALUE_S,PLANT_ID,SENSOR_STATION_ID) VALUES(26,'2022-01-08','SOIL_MOISTURE','%','55',2,2)
INSERT INTO MEASUREMENT(ID ,TIMESTAMP,TYPE,UNIT,VALUE_S,PLANT_ID,SENSOR_STATION_ID) VALUES(35,'2022-01-09','SOIL_MOISTURE','%','35',2,2)
INSERT INTO MEASUREMENT(ID ,TIMESTAMP,TYPE,UNIT,VALUE_S,PLANT_ID,SENSOR_STATION_ID) VALUES(36,'2022-01-10','SOIL_MOISTURE','%','25',2,2)
INSERT INTO MEASUREMENT(ID ,TIMESTAMP,TYPE,UNIT,VALUE_S,PLANT_ID,SENSOR_STATION_ID) VALUES(37,'2022-01-11','SOIL_MOISTURE','%','15',2,2)
INSERT INTO MEASUREMENT(ID ,TIMESTAMP,TYPE,UNIT,VALUE_S,PLANT_ID,SENSOR_STATION_ID) VALUES(38,'2022-01-12','LIGHT_INTENSITY','lux','350',2,2)
INSERT INTO MEASUREMENT(ID ,TIMESTAMP,TYPE,UNIT,VALUE_S,PLANT_ID,SENSOR_STATION_ID) VALUES(27,'2022-01-13','LIGHT_INTENSITY','lux','550',2,2)
INSERT INTO MEASUREMENT(ID ,TIMESTAMP,TYPE,UNIT,VALUE_S,PLANT_ID,SENSOR_STATION_ID) VALUES(28,'2022-01-14','AIR_QUALITY','Assessment','200',2,2)
INSERT INTO MEASUREMENT(ID ,TIMESTAMP,TYPE,UNIT,VALUE_S,PLANT_ID,SENSOR_STATION_ID) VALUES(33,'2022-01-15','HUMIDITY','%','30',2,2)
INSERT INTO MEASUREMENT(ID ,TIMESTAMP,TYPE,UNIT,VALUE_S,PLANT_ID,SENSOR_STATION_ID) VALUES(34,'2022-01-16','HUMIDITY','%','40',2,2)



