INSERT INTO userx (ENABLED, FIRST_NAME, LAST_NAME, PASSWORD, USERNAME, CREATE_DATE) VALUES(TRUE, 'Admin', 'Istrator', '$2a$10$Bm27OvKm5FENObph7xPfnO2L1mbKyjpG3LdeixGrJV0xC7TgcFGX2', 'admin', '2016-01-01');
INSERT INTO userx_user_role (USERX_USERNAME, ROLES) VALUES ('admin', 'ADMIN');
INSERT INTO userx_user_role (USERX_USERNAME, ROLES) VALUES ('admin', 'GARDENER');
INSERT INTO userx (ENABLED, FIRST_NAME, LAST_NAME, PASSWORD, USERNAME, CREATE_DATE) VALUES(TRUE, 'Susi', 'Kaufgern', '$2a$10$Bm27OvKm5FENObph7xPfnO2L1mbKyjpG3LdeixGrJV0xC7TgcFGX2', 'Susi', '2016-01-01');
INSERT INTO userx_user_role (USERX_USERNAME, ROLES) VALUES ('Susi', 'USER');
INSERT INTO userx_user_role (USERX_USERNAME, ROLES) VALUES ('Susi', 'GARDENER');
INSERT INTO userx (ENABLED, FIRST_NAME, LAST_NAME, PASSWORD, USERNAME, CREATE_DATE) VALUES(TRUE, 'Max', 'Mustermann', '$2a$10$Bm27OvKm5FENObph7xPfnO2L1mbKyjpG3LdeixGrJV0xC7TgcFGX2', 'Max', '2016-01-01');
INSERT INTO userx_user_role (USERX_USERNAME, ROLES) VALUES ('Max', 'USER');
INSERT INTO userx (ENABLED, FIRST_NAME, LAST_NAME, PASSWORD, USERNAME, CREATE_DATE) VALUES(TRUE, 'Elvis', 'The King', '$2a$10$Bm27OvKm5FENObph7xPfnO2L1mbKyjpG3LdeixGrJV0xC7TgcFGX2', 'Elvis', '2016-01-01');
INSERT INTO userx_user_role (USERX_USERNAME, ROLES) VALUES ('Elvis', 'ADMIN');


INSERT INTO plant(PLANTID, PLANT_NAME, planted_date) VALUES(1, 'Atomic Northern Lights','2022-01-01');
INSERT INTO plant(PLANTID, PLANT_NAME, planted_date) VALUES(2, 'Charlotte''s Web','2022-01-02');
INSERT INTO plant(PLANTID, PLANT_NAME, planted_date) VALUES(3, 'Alpine Rocket', '2022-01-03');
INSERT INTO plant(PLANTID, PLANT_NAME, planted_date) VALUES(4, 'Blue Dream', '2022-01-04');
INSERT INTO plant(PLANTID, PLANT_NAME, planted_date) VALUES(5, 'Sour Diesel', '2022-01-05');

INSERT INTO sensor_station(SENSOR_STATION_NAME, CREATE_DATE, UPDATE_DATE, LOCATION ,alarm_switch, plant_plantid) VALUES('AAAAA','2022-01-01','2022-01-05','Room1', 'off',1);
INSERT INTO sensor_station(SENSOR_STATION_NAME, CREATE_DATE, UPDATE_DATE, LOCATION,alarm_switch, plant_plantid) VALUES('BBBBB','2022-01-01','2022-02-05','Room2', 'off',2);
INSERT INTO sensor_station(SENSOR_STATION_NAME, CREATE_DATE, UPDATE_DATE, LOCATION ,alarm_switch) VALUES('CCCCC','2022-01-01','2022-02-01','Room3', 'off');
INSERT INTO sensor_station(SENSOR_STATION_NAME, CREATE_DATE, UPDATE_DATE, LOCATION,alarm_switch, plant_plantid ) VALUES('DDDDD','2022-03-01','2022-02-01','Room4', 'off',4);
INSERT INTO sensor_station(SENSOR_STATION_NAME, CREATE_DATE, UPDATE_DATE, LOCATION, alarm_switch) VALUES('EEEEE','2022-03-01','2022-06-01','Room5', 'off');
INSERT INTO sensor_station(SENSOR_STATION_NAME, CREATE_DATE, UPDATE_DATE, LOCATION, alarm_switch) VALUES('FFFFF','2022-03-01','2022-05-01','Room6', 'off');
INSERT INTO sensor_station(SENSOR_STATION_NAME, CREATE_DATE, UPDATE_DATE, LOCATION, alarm_switch) VALUES('G4T2','2022-01-02','2022-02-05','Room00', 'off');


INSERT INTO measurement(ID ,TIMESTAMP,TYPE,UNIT,VALUE_S,SENSOR_STATION_NAME) VALUES(1,'2022-02-02','HUMIDITY','%','36','AAAAA');
INSERT INTO measurement(ID ,TIMESTAMP,TYPE,UNIT,VALUE_S,SENSOR_STATION_NAME) VALUES(2,'2022-02-03','HUMIDITY','%','20','AAAAA');
INSERT INTO measurement(ID ,TIMESTAMP,TYPE,UNIT,VALUE_S,SENSOR_STATION_NAME) VALUES(3,'2022-02-04','HUMIDITY','%','50','AAAAA');
INSERT INTO measurement(ID ,TIMESTAMP,TYPE,UNIT,VALUE_S,SENSOR_STATION_NAME) VALUES(4,'2022-02-05','HUMIDITY','%','40','AAAAA');
INSERT INTO measurement(ID ,TIMESTAMP,TYPE,UNIT,VALUE_S,SENSOR_STATION_NAME) VALUES(5,'2022-02-06','HUMIDITY','%','50','AAAAA');
INSERT INTO measurement(ID ,TIMESTAMP,TYPE,UNIT,VALUE_S,SENSOR_STATION_NAME) VALUES(6,'2022-02-07','HUMIDITY','%','40','AAAAA');
INSERT INTO measurement(ID ,TIMESTAMP,TYPE,UNIT,VALUE_S,SENSOR_STATION_NAME) VALUES(7,'2022-02-08','TEMPERATURE','C','32','AAAAA');
INSERT INTO measurement(ID ,TIMESTAMP,TYPE,UNIT,VALUE_S,SENSOR_STATION_NAME) VALUES(8,'2022-02-09','TEMPERATURE','C','34','AAAAA');
INSERT INTO measurement(ID ,TIMESTAMP,TYPE,UNIT,VALUE_S,SENSOR_STATION_NAME) VALUES(9,'2022-02-12','TEMPERATURE','C','23','AAAAA');
INSERT INTO measurement(ID ,TIMESTAMP,TYPE,UNIT,VALUE_S,SENSOR_STATION_NAME) VALUES(10,'2022-02-22','TEMPERATURE','C','34','AAAAA');
INSERT INTO measurement(ID ,TIMESTAMP,TYPE,UNIT,VALUE_S,SENSOR_STATION_NAME) VALUES(11,'2022-02-12','TEMPERATURE','C','28','AAAAA');
INSERT INTO measurement(ID ,TIMESTAMP,TYPE,UNIT,VALUE_S,SENSOR_STATION_NAME) VALUES(12,'2022-02-12','SOIL_MOISTURE','%','11','AAAAA');
INSERT INTO measurement(ID ,TIMESTAMP,TYPE,UNIT,VALUE_S,SENSOR_STATION_NAME) VALUES(13,'2022-02-02','SOIL_MOISTURE','%','17','AAAAA');
INSERT INTO measurement(ID ,TIMESTAMP,TYPE,UNIT,VALUE_S,SENSOR_STATION_NAME) VALUES(14,'2022-02-12','SOIL_MOISTURE','%','99','AAAAA');
INSERT INTO measurement(ID ,TIMESTAMP,TYPE,UNIT,VALUE_S,SENSOR_STATION_NAME) VALUES(15,'2022-01-23','SOIL_MOISTURE','%','62','AAAAA');
INSERT INTO measurement(ID ,TIMESTAMP,TYPE,UNIT,VALUE_S,SENSOR_STATION_NAME) VALUES(16,'2022-01-26','SOIL_MOISTURE','%','47','AAAAA');
INSERT INTO measurement(ID ,TIMESTAMP,TYPE,UNIT,VALUE_S,SENSOR_STATION_NAME) VALUES(17,'2022-01-21','SOIL_MOISTURE','%','35','AAAAA');
INSERT INTO measurement(ID ,TIMESTAMP,TYPE,UNIT,VALUE_S,SENSOR_STATION_NAME) VALUES(18,'2022-01-10','LIGHT_INTENSITY','lux','120','AAAAA');
INSERT INTO measurement(ID ,TIMESTAMP,TYPE,UNIT,VALUE_S,SENSOR_STATION_NAME) VALUES(19,'2022-01-19','LIGHT_INTENSITY','lux','1200','AAAAA');
INSERT INTO measurement(ID ,TIMESTAMP,TYPE,UNIT,VALUE_S,SENSOR_STATION_NAME) VALUES(20,'2022-01-18','LIGHT_INTENSITY','lux','0','AAAAA');
INSERT INTO measurement(ID ,TIMESTAMP,TYPE,UNIT,VALUE_S,SENSOR_STATION_NAME) VALUES(21,'2022-01-17','AIR_QUALITY','Assessment','350','AAAAA');


INSERT INTO measurement(ID ,TIMESTAMP,TYPE,UNIT,VALUE_S,SENSOR_STATION_NAME) VALUES(22,'2022-01-02','HUMIDITY','%','10','BBBBB');
INSERT INTO measurement(ID ,TIMESTAMP,TYPE,UNIT,VALUE_S,SENSOR_STATION_NAME) VALUES(23,'2022-01-03','TEMPERATURE','C','24','BBBBB');
INSERT INTO measurement(ID ,TIMESTAMP,TYPE,UNIT,VALUE_S,SENSOR_STATION_NAME) VALUES(24,'2022-01-04','TEMPERATURE','C','24','BBBBB');
INSERT INTO measurement(ID ,TIMESTAMP,TYPE,UNIT,VALUE_S,SENSOR_STATION_NAME) VALUES(25,'2022-01-05','TEMPERATURE','C','34','BBBBB');
INSERT INTO measurement(ID ,TIMESTAMP,TYPE,UNIT,VALUE_S,SENSOR_STATION_NAME) VALUES(26,'2022-01-06','TEMPERATURE','C','12','BBBBB');
INSERT INTO measurement(ID ,TIMESTAMP,TYPE,UNIT,VALUE_S,SENSOR_STATION_NAME) VALUES(27,'2022-01-07','TEMPERATURE','C','11','BBBBB');
INSERT INTO measurement(ID ,TIMESTAMP,TYPE,UNIT,VALUE_S,SENSOR_STATION_NAME) VALUES(28,'2022-01-08','SOIL_MOISTURE','%','51','BBBBB');
INSERT INTO measurement(ID ,TIMESTAMP,TYPE,UNIT,VALUE_S,SENSOR_STATION_NAME) VALUES(29,'2022-01-09','SOIL_MOISTURE','%','55','BBBBB');
INSERT INTO measurement(ID ,TIMESTAMP,TYPE,UNIT,VALUE_S,SENSOR_STATION_NAME) VALUES(30,'2022-01-10','SOIL_MOISTURE','%','75','BBBBB');
INSERT INTO measurement(ID ,TIMESTAMP,TYPE,UNIT,VALUE_S,SENSOR_STATION_NAME) VALUES(31,'2022-01-11','SOIL_MOISTURE','%','15','BBBBB');
INSERT INTO measurement(ID ,TIMESTAMP,TYPE,UNIT,VALUE_S,SENSOR_STATION_NAME) VALUES(32,'2022-01-12','LIGHT_INTENSITY','lux','350','BBBBB');
INSERT INTO measurement(ID ,TIMESTAMP,TYPE,UNIT,VALUE_S,SENSOR_STATION_NAME) VALUES(33,'2022-01-13','LIGHT_INTENSITY','lux','550','BBBBB');
INSERT INTO measurement(ID ,TIMESTAMP,TYPE,UNIT,VALUE_S,SENSOR_STATION_NAME) VALUES(34,'2022-01-14','AIR_QUALITY','Assessment','200','BBBBB');
INSERT INTO measurement(ID ,TIMESTAMP,TYPE,UNIT,VALUE_S,SENSOR_STATION_NAME) VALUES(35,'2022-01-15','HUMIDITY','%','10','BBBBB');
INSERT INTO measurement(ID ,TIMESTAMP,TYPE,UNIT,VALUE_S,SENSOR_STATION_NAME) VALUES(36,'2022-01-16','HUMIDITY','%','20','BBBBB');

INSERT INTO measurement(ID ,TIMESTAMP,TYPE,UNIT,VALUE_S,SENSOR_STATION_NAME) VALUES(37,'2022-02-02','HUMIDITY','%','36','CCCCC');
INSERT INTO measurement(ID ,TIMESTAMP,TYPE,UNIT,VALUE_S,SENSOR_STATION_NAME) VALUES(38,'2022-02-03','HUMIDITY','%','23','CCCCC');
INSERT INTO measurement(ID ,TIMESTAMP,TYPE,UNIT,VALUE_S,SENSOR_STATION_NAME) VALUES(39,'2022-02-04','HUMIDITY','%','50','CCCCC');
INSERT INTO measurement(ID ,TIMESTAMP,TYPE,UNIT,VALUE_S,SENSOR_STATION_NAME) VALUES(40,'2022-02-05','HUMIDITY','%','40','CCCCC');
INSERT INTO measurement(ID ,TIMESTAMP,TYPE,UNIT,VALUE_S,SENSOR_STATION_NAME) VALUES(41,'2022-02-04','HUMIDITY','%','50','CCCCC');
INSERT INTO measurement(ID ,TIMESTAMP,TYPE,UNIT,VALUE_S,SENSOR_STATION_NAME) VALUES(42,'2022-02-05','HUMIDITY','%','40','CCCCC');
INSERT INTO measurement(ID ,TIMESTAMP,TYPE,UNIT,VALUE_S,SENSOR_STATION_NAME) VALUES(43,'2022-02-02','TEMPERATURE','C','22','CCCCC');
INSERT INTO measurement(ID ,TIMESTAMP,TYPE,UNIT,VALUE_S,SENSOR_STATION_NAME) VALUES(44,'2022-02-02','TEMPERATURE','C','24','CCCCC');
INSERT INTO measurement(ID ,TIMESTAMP,TYPE,UNIT,VALUE_S,SENSOR_STATION_NAME) VALUES(45,'2022-02-02','TEMPERATURE','C','21','CCCCC');
INSERT INTO measurement(ID ,TIMESTAMP,TYPE,UNIT,VALUE_S,SENSOR_STATION_NAME) VALUES(46,'2022-02-02','TEMPERATURE','C','24','CCCCC');
INSERT INTO measurement(ID ,TIMESTAMP,TYPE,UNIT,VALUE_S,SENSOR_STATION_NAME) VALUES(47,'2022-02-02','TEMPERATURE','C','29','CCCCC');
INSERT INTO measurement(ID ,TIMESTAMP,TYPE,UNIT,VALUE_S,SENSOR_STATION_NAME) VALUES(48,'2022-02-02','SOIL_MOISTURE','%','12','CCCCC');
INSERT INTO measurement(ID ,TIMESTAMP,TYPE,UNIT,VALUE_S,SENSOR_STATION_NAME) VALUES(49,'2022-02-02','SOIL_MOISTURE','%','24','CCCCC');
INSERT INTO measurement(ID ,TIMESTAMP,TYPE,UNIT,VALUE_S,SENSOR_STATION_NAME) VALUES(50,'2022-02-02','SOIL_MOISTURE','%','46','CCCCC');
INSERT INTO measurement(ID ,TIMESTAMP,TYPE,UNIT,VALUE_S,SENSOR_STATION_NAME) VALUES(51,'2022-01-23','SOIL_MOISTURE','%','68','CCCCC');
INSERT INTO measurement(ID ,TIMESTAMP,TYPE,UNIT,VALUE_S,SENSOR_STATION_NAME) VALUES(52,'2022-01-22','SOIL_MOISTURE','%','47','CCCCC');
INSERT INTO measurement(ID ,TIMESTAMP,TYPE,UNIT,VALUE_S,SENSOR_STATION_NAME) VALUES(53,'2022-01-21','SOIL_MOISTURE','%','34','CCCCC');
INSERT INTO measurement(ID ,TIMESTAMP,TYPE,UNIT,VALUE_S,SENSOR_STATION_NAME) VALUES(54,'2022-01-20','LIGHT_INTENSITY','lux','2000','CCCCC');
INSERT INTO measurement(ID ,TIMESTAMP,TYPE,UNIT,VALUE_S,SENSOR_STATION_NAME) VALUES(55,'2022-01-19','LIGHT_INTENSITY','lux','1200','CCCCC');
INSERT INTO measurement(ID ,TIMESTAMP,TYPE,UNIT,VALUE_S,SENSOR_STATION_NAME) VALUES(56,'2022-01-18','LIGHT_INTENSITY','lux','900','CCCCC');
INSERT INTO measurement(ID ,TIMESTAMP,TYPE,UNIT,VALUE_S,SENSOR_STATION_NAME) VALUES(57,'2022-01-17','AIR_QUALITY','Assessment','350','CCCCC');


INSERT INTO access_point(ACCESS_POINTID, LOCATION, VALIDATED, CREATE_DATE, UPDATE_DATE) VALUES(50100, 'Room1', TRUE, '2022-01-01', '2022-01-01');
INSERT INTO access_point(ACCESS_POINTID, LOCATION, VALIDATED, CREATE_DATE, UPDATE_DATE) VALUES(50101, 'Room2', TRUE, '2022-01-01', '2022-01-01');
INSERT INTO access_point(ACCESS_POINTID, LOCATION, VALIDATED, CREATE_DATE, UPDATE_DATE) VALUES(50102, 'Room3', TRUE, '2022-01-01', '2022-01-01');
INSERT INTO access_point(ACCESS_POINTID, LOCATION, VALIDATED, CREATE_DATE, UPDATE_DATE) VALUES(50103, 'Room4', TRUE, '2022-01-01', '2022-01-01');
INSERT INTO access_point(ACCESS_POINTID, LOCATION, VALIDATED, CREATE_DATE, UPDATE_DATE) VALUES(50104, 'Room7', TRUE, '2022-01-01', '2022-01-01');
INSERT INTO access_point(ACCESS_POINTID, LOCATION, VALIDATED, CREATE_DATE, UPDATE_DATE) VALUES(50105, 'Room1', TRUE, '2022-01-01', '2022-01-01');
INSERT INTO access_point(ACCESS_POINTID, LOCATION, VALIDATED, CREATE_DATE, UPDATE_DATE) VALUES(50106, 'Room3', TRUE, '2022-01-01', '2022-01-01');
INSERT INTO access_point(ACCESS_POINTID, LOCATION, VALIDATED, CREATE_DATE, UPDATE_DATE) VALUES(50107, 'Room2', TRUE, '2022-01-01', '2022-01-01');
INSERT INTO access_point(ACCESS_POINTID, LOCATION, VALIDATED, CREATE_DATE, UPDATE_DATE) VALUES(50108, 'Room1', TRUE, '2022-01-01', '2022-01-01');
INSERT INTO access_point(ACCESS_POINTID, LOCATION, VALIDATED, CREATE_DATE, UPDATE_DATE) VALUES(50109, 'Room6', TRUE, '2022-01-01', '2022-01-01');
INSERT INTO access_point(ACCESS_POINTID, LOCATION, VALIDATED, CREATE_DATE, UPDATE_DATE) VALUES(50110, 'Room6', TRUE, '2022-01-01', '2022-01-01');
INSERT INTO access_point(ACCESS_POINTID, LOCATION, VALIDATED, CREATE_DATE, UPDATE_DATE) VALUES(50111, 'Room5', TRUE, '2022-01-01', '2022-01-01');


insert into sensor (id,uuid,sensor_station_name,type, alarm_count,upper_border, lower_border,create_date) values(1,'000019b1-0000-1000-8000-00805f9b34fb', 'AAAAA', 'hygro', 0, 0, 0,'2022-01-02');
insert into sensor (id,uuid,sensor_station_name,type, alarm_count,upper_border, lower_border,create_date) values(2,'000019b0-0000-1000-8000-00805f9b34fb', 'AAAAA', 'light', 0, 0, 0,'2022-01-02');
insert into sensor (id,uuid,sensor_station_name,type, alarm_count,upper_border, lower_border,create_date) values(3,'000019b2-0000-1000-8000-00805f9b34fb', 'AAAAA', 'temp', 0, 0, 0,'2022-01-02');
insert into sensor (id,uuid,sensor_station_name,type, alarm_count,upper_border, lower_border,create_date) values(4,'000019b3-0000-1000-8000-00805f9b34fb', 'AAAAA', 'humidity', 0, 0, 0,'2022-01-02');
insert into sensor (id,uuid,sensor_station_name,type, alarm_count,upper_border, lower_border,create_date) values(6,'000019b5-0000-1000-8000-00805f9b34fb', 'AAAAA', 'gas', 0, 0, 0,'2022-01-02');


insert into sensor (id,uuid,sensor_station_name,type, alarm_count,upper_border, lower_border,create_date) values(7,'000019b6-0000-1000-8000-00805f9b34fb', 'BBBBB', 'HygroSensor', 6, 0, 0,'2022-01-06');
insert into sensor (id,uuid,sensor_station_name,type, alarm_count,upper_border, lower_border,create_date) values(8,'000019b7-0000-1000-8000-00805f9b34fb', 'BBBBB', 'LigthSensor', 7, 0, 0,'2022-01-07');
insert into sensor (id,uuid,sensor_station_name,type, alarm_count,upper_border, lower_border,create_date) values(9,'000019b8-0000-1000-8000-00805f9b34fb', 'BBBBB', 'TempSensor', 8, 0, 0,'2022-01-08');
insert into sensor (id,uuid,sensor_station_name,type, alarm_count,upper_border, lower_border,create_date) values(10,'000019b9-0000-1000-8000-00805f9b34fb', 'BBBBB', 'humiditySensor', 9, 0, 0,'2022-01-09');
insert into sensor (id,uuid,sensor_station_name,type, alarm_count,upper_border, lower_border,create_date) values(11,'000019b10-0000-1000-8000-00805f9b34fb', 'BBBBB', 'GasSensor', 10, 0, 0,'2022-01-10');

insert into sensor (id,uuid,sensor_station_name,type, alarm_count,upper_border, lower_border,create_date) values(12,'00001911-0000-1000-8000-00805f9b34fb', 'CCCCC', 'HygroSensor', 10, 0, 0,'2022-01-12');
insert into sensor (id,uuid,sensor_station_name,type, alarm_count,upper_border, lower_border,create_date) values(13,'00001912-0000-1000-8000-00805f9b34fb', 'CCCCC', 'LigthSensor', 10, 0, 0,'2022-01-01');
insert into sensor (id,uuid,sensor_station_name,type, alarm_count,upper_border, lower_border,create_date) values(14,'00001913-0000-1000-8000-00805f9b34fb', 'CCCCC', 'TempSensor', 0, 0, 0,'2022-02-04');
insert into sensor (id,uuid,sensor_station_name,type, alarm_count,upper_border, lower_border,create_date) values(15,'00001914-0000-1000-8000-00805f9b34fb', 'CCCCC', 'humiditySensor', 2, 0, 0,'2022-02-01');
insert into sensor (id,uuid,sensor_station_name,type, alarm_count,upper_border, lower_border,create_date) values(16,'00001915-0000-1000-8000-00805f9b34fb', 'CCCCC', 'GasSensor', 1, 0, 0,'2022-03-01');
