
-- $2y$10$P7im4OMw6hsnPWLpJ1nVKup1jlEFsLIek9D3lglmZv.Tq05GDEhMS -> passwd
INSERT INTO USERX (ENABLED, FIRST_NAME, LAST_NAME, PASSWORD, USERNAME, CREATE_USER_USERNAME, CREATE_DATE) VALUES(TRUE, 'Admin', 'Istrator', '$2a$10$Bm27OvKm5FENObph7xPfnO2L1mbKyjpG3LdeixGrJV0xC7TgcFGX2', 'admin', 'admin', '2016-01-01')
    INSERT INTO USERX_USER_ROLE (USERX_USERNAME, ROLES) VALUES ('admin', 'ADMIN')
INSERT INTO USERX_USER_ROLE (USERX_USERNAME, ROLES) VALUES ('admin', 'GARDENER')
INSERT INTO USERX (ENABLED, FIRST_NAME, LAST_NAME, PASSWORD, USERNAME, CREATE_USER_USERNAME, CREATE_DATE) VALUES(TRUE, 'Susi', 'Kaufgern', '$2a$10$Bm27OvKm5FENObph7xPfnO2L1mbKyjpG3LdeixGrJV0xC7TgcFGX2', 'user1', 'admin', '2016-01-01')
INSERT INTO USERX_USER_ROLE (USERX_USERNAME, ROLES) VALUES ('user1', 'USER')
INSERT INTO USERX_USER_ROLE (USERX_USERNAME, ROLES) VALUES ('user1', 'GARDENER')
INSERT INTO USERX (ENABLED, FIRST_NAME, LAST_NAME, PASSWORD, USERNAME, CREATE_USER_USERNAME, CREATE_DATE) VALUES(TRUE, 'Max', 'Mustermann', '$2a$10$Bm27OvKm5FENObph7xPfnO2L1mbKyjpG3LdeixGrJV0xC7TgcFGX2', 'user2', 'admin', '2016-01-01')
INSERT INTO USERX_USER_ROLE (USERX_USERNAME, ROLES) VALUES ('user2', 'USER')
INSERT INTO USERX (ENABLED, FIRST_NAME, LAST_NAME, PASSWORD, USERNAME, CREATE_USER_USERNAME, CREATE_DATE) VALUES(TRUE, 'Elvis', 'The King', '$2a$10$Bm27OvKm5FENObph7xPfnO2L1mbKyjpG3LdeixGrJV0xC7TgcFGX2', 'elvis', 'elvis', '2016-01-01')
INSERT INTO USERX_USER_ROLE (USERX_USERNAME, ROLES) VALUES ('elvis', 'ADMIN')


INSERT INTO PLANT(PLANTID, PLANT_NAME, CREATE_DATE,UPDATE_DATE) VALUES(100, 'Atomic Northern Lights','2022-01-01','2022-01-01')
INSERT INTO PLANT(PLANTID, PLANT_NAME, CREATE_DATE,UPDATE_DATE) VALUES(101, 'Charlotte''s Web','2022-01-01','2022-01-01')
INSERT INTO PLANT(PLANTID, PLANT_NAME, CREATE_DATE,UPDATE_DATE) VALUES(102, 'Alpine Rocket', '2022-01-04','2022-05-01')
INSERT INTO PLANT(PLANTID, PLANT_NAME, CREATE_DATE,UPDATE_DATE) VALUES(103, 'Blue Dream', '2022-01-02','2022-01-01')
INSERT INTO PLANT(PLANTID, PLANT_NAME, CREATE_DATE,UPDATE_DATE) VALUES(104, 'Sour Diesel', '2022-01-01','2022-03-01')

INSERT INTO ACCESS_POINT(ACCESS_POINTID, LOCATION, VALIDATED, CREATE_DATE, UPDATE_DATE) VALUES(100, 'Room1', TRUE, '2022-01-01', '2022-01-01')
INSERT INTO ACCESS_POINT(ACCESS_POINTID, LOCATION, VALIDATED, CREATE_DATE, UPDATE_DATE) VALUES(101, 'Room2', TRUE, '2022-01-01', '2022-01-01')
INSERT INTO ACCESS_POINT(ACCESS_POINTID, LOCATION, VALIDATED, CREATE_DATE, UPDATE_DATE) VALUES(102, 'Room3', TRUE, '2022-01-01', '2022-01-01')
INSERT INTO ACCESS_POINT(ACCESS_POINTID, LOCATION, VALIDATED, CREATE_DATE, UPDATE_DATE) VALUES(103, 'Room4', TRUE, '2022-01-01', '2022-01-01')
INSERT INTO ACCESS_POINT(ACCESS_POINTID, LOCATION, VALIDATED, CREATE_DATE, UPDATE_DATE) VALUES(104, 'Room7', TRUE, '2022-01-01', '2022-01-01')
INSERT INTO ACCESS_POINT(ACCESS_POINTID, LOCATION, VALIDATED, CREATE_DATE, UPDATE_DATE) VALUES(105, 'Room1', TRUE, '2022-01-01', '2022-01-01')
INSERT INTO ACCESS_POINT(ACCESS_POINTID, LOCATION, VALIDATED, CREATE_DATE, UPDATE_DATE) VALUES(106, 'Room3', TRUE, '2022-01-01', '2022-01-01')
INSERT INTO ACCESS_POINT(ACCESS_POINTID, LOCATION, VALIDATED, CREATE_DATE, UPDATE_DATE) VALUES(107, 'Room2', TRUE, '2022-01-01', '2022-01-01')
INSERT INTO ACCESS_POINT(ACCESS_POINTID, LOCATION, VALIDATED, CREATE_DATE, UPDATE_DATE) VALUES(108, 'Room1', TRUE, '2022-01-01', '2022-01-01')
INSERT INTO ACCESS_POINT(ACCESS_POINTID, LOCATION, VALIDATED, CREATE_DATE, UPDATE_DATE) VALUES(109, 'Room6', TRUE, '2022-01-01', '2022-01-01')
INSERT INTO ACCESS_POINT(ACCESS_POINTID, LOCATION, VALIDATED, CREATE_DATE, UPDATE_DATE) VALUES(110, 'Room6', TRUE, '2022-01-01', '2022-01-01')
INSERT INTO ACCESS_POINT(ACCESS_POINTID, LOCATION, VALIDATED, CREATE_DATE, UPDATE_DATE) VALUES(111, 'Room5', TRUE, '2022-01-01', '2022-01-01')




INSERT INTO SENSOR_STATION(SENSOR_STATIONID, CREATE_DATE, UPDATE_DATE, LOCATION, PLANT_PLANTID) VALUES(101,'2022-01-01','2022-01-05','Room1',100)
INSERT INTO SENSOR_STATION(SENSOR_STATIONID, CREATE_DATE, UPDATE_DATE, LOCATION, PLANT_PLANTID) VALUES(102,'2022-01-01','2022-02-05','Room2',101)
INSERT INTO SENSOR_STATION(SENSOR_STATIONID, CREATE_DATE, UPDATE_DATE, LOCATION, PLANT_PLANTID) VALUES(103,'2022-01-01','2022-02-01','Room3',102)
INSERT INTO SENSOR_STATION(SENSOR_STATIONID, CREATE_DATE, UPDATE_DATE, LOCATION) VALUES(104,'2022-03-01','2022-02-01','Room4')
INSERT INTO SENSOR_STATION(SENSOR_STATIONID, CREATE_DATE, UPDATE_DATE, LOCATION) VALUES(105,'2022-03-01','2022-06-01','Room5')
INSERT INTO SENSOR_STATION(SENSOR_STATIONID, CREATE_DATE, UPDATE_DATE, LOCATION) VALUES(106,'2022-03-01','2022-05-01','Room6')
INSERT INTO SENSOR_STATION(SENSOR_STATIONID, CREATE_DATE, UPDATE_DATE, LOCATION) VALUES(107,'2022-01-02','2022-04-01','Room7')
INSERT INTO SENSOR_STATION(SENSOR_STATIONID, CREATE_DATE, UPDATE_DATE, LOCATION) VALUES(108,'2022-01-02','2022-03-05','Room8')
INSERT INTO SENSOR_STATION(SENSOR_STATIONID, CREATE_DATE, UPDATE_DATE, LOCATION) VALUES(109,'2022-01-02','2022-02-05','Room9')


INSERT INTO LOG(ID, TYPE, TEXT, SUBJECT, AUTHOR, TIME) VALUES(101, 'ERROR', 'ERROR SAVING USER', 'DATA BASE ERROR', 'admin','2022-02-01')
INSERT INTO LOG(ID, TYPE, TEXT, SUBJECT, AUTHOR, TIME) VALUES(102, 'WARNING', 'ERROR EDITING USER', 'DATA BASE WARNING', 'admin','2022-02-01')
INSERT INTO LOG(ID, TYPE, TEXT, SUBJECT, AUTHOR, TIME) VALUES(103, 'ERROR', 'ERROR SAVING USER', 'DATA BASE ERROR', 'admin','2022-02-01')
INSERT INTO LOG(ID, TYPE, TEXT, SUBJECT, AUTHOR, TIME) VALUES(104, 'WARNING', 'WARNING EDITING USER', 'DATA BASE WARNING', 'admin','2022-02-01')
INSERT INTO LOG(ID, TYPE, TEXT, SUBJECT, AUTHOR, TIME) VALUES(105, 'SUCCESS', 'SUCCESS SAVING USER', 'DATA BASE SUCCESS', 'admin','2022-02-01')
INSERT INTO LOG(ID, TYPE, TEXT, SUBJECT, AUTHOR, TIME) VALUES(106, 'SUCCESS', 'SUCCESS SAVING USER', 'DATA BASE SUCCESS', 'admin','2022-02-01')
INSERT INTO LOG(ID, TYPE, TEXT, SUBJECT, AUTHOR, TIME) VALUES(107, 'SUCCESS', 'SUCCESS SAVING USER', 'DATA BASE SUCCESS', 'admin','2022-02-01')
INSERT INTO LOG(ID, TYPE, TEXT, SUBJECT, AUTHOR, TIME) VALUES(108, 'SUCCESS', 'SUCCESS SAVING USER', 'DATA BASE SUCCESS', 'admin','2022-02-01')
INSERT INTO LOG(ID, TYPE, TEXT, SUBJECT, AUTHOR, TIME) VALUES(109, 'SUCCESS', 'SUCCESS SAVING USER', 'DATA BASE SUCCESS', 'admin','2022-02-01')
INSERT INTO LOG(ID, TYPE, TEXT, SUBJECT, AUTHOR, TIME) VALUES(110, 'SUCCESS', 'SUCCESS SAVING USER', 'DATA BASE SUCCESS', 'admin','2022-02-01')
INSERT INTO LOG(ID, TYPE, TEXT, SUBJECT, AUTHOR, TIME) VALUES(115, 'SUCCESS', 'SUCCESS SAVING USER', 'DATA BASE SUCCESS', 'admin','2022-02-01')


INSERT INTO MEASUREMENT(ID ,TIMESTAMP,TYPE,UNIT,VALUE_S,PLANT_ID,SENSOR_STATION_ID) VALUES(101,'2022-02-02','HUMIDITY','%','36',100,101)
INSERT INTO MEASUREMENT(ID ,TIMESTAMP,TYPE,UNIT,VALUE_S,PLANT_ID,SENSOR_STATION_ID) VALUES(102,'2022-02-03','HUMIDITY','%','20',100,101)
INSERT INTO MEASUREMENT(ID ,TIMESTAMP,TYPE,UNIT,VALUE_S,PLANT_ID,SENSOR_STATION_ID) VALUES(103,'2022-02-04','HUMIDITY','%','50',100,101)
INSERT INTO MEASUREMENT(ID ,TIMESTAMP,TYPE,UNIT,VALUE_S,PLANT_ID,SENSOR_STATION_ID) VALUES(104,'2022-02-05','HUMIDITY','%','40',100,101)
INSERT INTO MEASUREMENT(ID ,TIMESTAMP,TYPE,UNIT,VALUE_S,PLANT_ID,SENSOR_STATION_ID) VALUES(105,'2022-02-04','HUMIDITY','%','50',100,101)
INSERT INTO MEASUREMENT(ID ,TIMESTAMP,TYPE,UNIT,VALUE_S,PLANT_ID,SENSOR_STATION_ID) VALUES(106,'2022-02-05','HUMIDITY','%','40',100,101)
INSERT INTO MEASUREMENT(ID ,TIMESTAMP,TYPE,UNIT,VALUE_S,PLANT_ID,SENSOR_STATION_ID) VALUES(107,'2022-02-02','TEMPERATURE','C','22',100,101)
INSERT INTO MEASUREMENT(ID ,TIMESTAMP,TYPE,UNIT,VALUE_S,PLANT_ID,SENSOR_STATION_ID) VALUES(108,'2022-02-02','TEMPERATURE','C','24',100,101)
INSERT INTO MEASUREMENT(ID ,TIMESTAMP,TYPE,UNIT,VALUE_S,PLANT_ID,SENSOR_STATION_ID) VALUES(109,'2022-02-02','TEMPERATURE','C','21',100,101)
INSERT INTO MEASUREMENT(ID ,TIMESTAMP,TYPE,UNIT,VALUE_S,PLANT_ID,SENSOR_STATION_ID) VALUES(110,'2022-02-02','TEMPERATURE','C','24',100,101)
INSERT INTO MEASUREMENT(ID ,TIMESTAMP,TYPE,UNIT,VALUE_S,PLANT_ID,SENSOR_STATION_ID) VALUES(111,'2022-02-02','TEMPERATURE','C','29',100,101)
INSERT INTO MEASUREMENT(ID ,TIMESTAMP,TYPE,UNIT,VALUE_S,PLANT_ID,SENSOR_STATION_ID) VALUES(112,'2022-02-02','SOIL_MOISTURE','%','12',100,101)
INSERT INTO MEASUREMENT(ID ,TIMESTAMP,TYPE,UNIT,VALUE_S,PLANT_ID,SENSOR_STATION_ID) VALUES(113,'2022-02-02','SOIL_MOISTURE','%','24',100,101)
INSERT INTO MEASUREMENT(ID ,TIMESTAMP,TYPE,UNIT,VALUE_S,PLANT_ID,SENSOR_STATION_ID) VALUES(114,'2022-02-02','SOIL_MOISTURE','%','46',100,101)
INSERT INTO MEASUREMENT(ID ,TIMESTAMP,TYPE,UNIT,VALUE_S,PLANT_ID,SENSOR_STATION_ID) VALUES(115,'2022-01-23','SOIL_MOISTURE','%','68',100,101)
INSERT INTO MEASUREMENT(ID ,TIMESTAMP,TYPE,UNIT,VALUE_S,PLANT_ID,SENSOR_STATION_ID) VALUES(116,'2022-01-22','SOIL_MOISTURE','%','47',100,101)
INSERT INTO MEASUREMENT(ID ,TIMESTAMP,TYPE,UNIT,VALUE_S,PLANT_ID,SENSOR_STATION_ID) VALUES(117,'2022-01-21','SOIL_MOISTURE','%','34',100,101)
INSERT INTO MEASUREMENT(ID ,TIMESTAMP,TYPE,UNIT,VALUE_S,PLANT_ID,SENSOR_STATION_ID) VALUES(118,'2022-01-20','LIGHT_INTENSITY','lux','2000',100,101)
INSERT INTO MEASUREMENT(ID ,TIMESTAMP,TYPE,UNIT,VALUE_S,PLANT_ID,SENSOR_STATION_ID) VALUES(219,'2022-01-19','LIGHT_INTENSITY','lux','1200',100,101)
INSERT INTO MEASUREMENT(ID ,TIMESTAMP,TYPE,UNIT,VALUE_S,PLANT_ID,SENSOR_STATION_ID) VALUES(310,'2022-01-18','LIGHT_INTENSITY','lux','900',100,101)
INSERT INTO MEASUREMENT(ID ,TIMESTAMP,TYPE,UNIT,VALUE_S,PLANT_ID,SENSOR_STATION_ID) VALUES(119,'2022-01-17','AIR_QUALITY','Assessment','350',100,101)



INSERT INTO MEASUREMENT(ID ,TIMESTAMP,TYPE,UNIT,VALUE_S,PLANT_ID,SENSOR_STATION_ID) VALUES(20,'2022-01-02','HUMIDITY','%','10',101,102)
INSERT INTO MEASUREMENT(ID ,TIMESTAMP,TYPE,UNIT,VALUE_S,PLANT_ID,SENSOR_STATION_ID) VALUES(21,'2022-01-03','TEMPERATURE','C','24',101,102)
INSERT INTO MEASUREMENT(ID ,TIMESTAMP,TYPE,UNIT,VALUE_S,PLANT_ID,SENSOR_STATION_ID) VALUES(22,'2022-01-04','TEMPERATURE','C','23',101,102)
INSERT INTO MEASUREMENT(ID ,TIMESTAMP,TYPE,UNIT,VALUE_S,PLANT_ID,SENSOR_STATION_ID) VALUES(23,'2022-01-05','TEMPERATURE','C','34',101,102)
INSERT INTO MEASUREMENT(ID ,TIMESTAMP,TYPE,UNIT,VALUE_S,PLANT_ID,SENSOR_STATION_ID) VALUES(24,'2022-01-06','TEMPERATURE','C','22',101,102)
INSERT INTO MEASUREMENT(ID ,TIMESTAMP,TYPE,UNIT,VALUE_S,PLANT_ID,SENSOR_STATION_ID) VALUES(25,'2022-01-07','TEMPERATURE','C','11',101,102)
INSERT INTO MEASUREMENT(ID ,TIMESTAMP,TYPE,UNIT,VALUE_S,PLANT_ID,SENSOR_STATION_ID) VALUES(26,'2022-01-08','SOIL_MOISTURE','%','55',101,102)
INSERT INTO MEASUREMENT(ID ,TIMESTAMP,TYPE,UNIT,VALUE_S,PLANT_ID,SENSOR_STATION_ID) VALUES(35,'2022-01-09','SOIL_MOISTURE','%','35',101,102)
INSERT INTO MEASUREMENT(ID ,TIMESTAMP,TYPE,UNIT,VALUE_S,PLANT_ID,SENSOR_STATION_ID) VALUES(36,'2022-01-10','SOIL_MOISTURE','%','25',101,102)
INSERT INTO MEASUREMENT(ID ,TIMESTAMP,TYPE,UNIT,VALUE_S,PLANT_ID,SENSOR_STATION_ID) VALUES(37,'2022-01-11','SOIL_MOISTURE','%','15',101,102)
INSERT INTO MEASUREMENT(ID ,TIMESTAMP,TYPE,UNIT,VALUE_S,PLANT_ID,SENSOR_STATION_ID) VALUES(38,'2022-01-12','LIGHT_INTENSITY','lux','350',101,102)
INSERT INTO MEASUREMENT(ID ,TIMESTAMP,TYPE,UNIT,VALUE_S,PLANT_ID,SENSOR_STATION_ID) VALUES(27,'2022-01-13','LIGHT_INTENSITY','lux','550',101,102)
INSERT INTO MEASUREMENT(ID ,TIMESTAMP,TYPE,UNIT,VALUE_S,PLANT_ID,SENSOR_STATION_ID) VALUES(28,'2022-01-14','AIR_QUALITY','Assessment','200',101,102)
INSERT INTO MEASUREMENT(ID ,TIMESTAMP,TYPE,UNIT,VALUE_S,PLANT_ID,SENSOR_STATION_ID) VALUES(33,'2022-01-15','HUMIDITY','%','30',101,102)
INSERT INTO MEASUREMENT(ID ,TIMESTAMP,TYPE,UNIT,VALUE_S,PLANT_ID,SENSOR_STATION_ID) VALUES(34,'2022-01-16','HUMIDITY','%','40',101,102)



